index,AD_1_02_1,AD_1_04_1,AD_1_08_1,AD_1_09_1,AD_1_11_1,AD_1_13_1,AD_2_01_1,AD_2_02_1,AD_2_03_1,AD_2_05_1,AD_2_07_1,AD_3_00_1,AD_3_01_1,AD_3_03_1,AD_3_05_1,AD_3_07_1,AD_4_10_1,AD_4_11_1,AD_4_12_1,AD_4_13_1,AD_5_09_1,AD_5_10_1,AD_5_11_1,AD_5_12_1,AD_5_13_1,AD_6_09_1,AD_6_10_1,AD_6_11_1,AD_6_12_1,AD_6_13_1,AD_7_06_1,AD_7_08_1,AD_7_09_1,AD_7_11_1,AD_7_12_1,AD_8_03_1,AD_8_05_1,AD_8_07_1,AD_8_09_1,AD_8_11_1,AD_8_12_1,AD_9_04_1,AD_9_06_1,AD_9_09_1,AD_10_04_1,AD_10_06_1,AD_10_09_1,AD_10_10_1,AD_11_02_1,AD_11_03_1,AD_11_04_1,AD_11_08_1,AD_11_10_1,AD_12_02_1,AD_12_03_1,AD_12_05_1,AD_12_07_1,AD_13_00_1,AD_13_03_1,AD_13_04_1,AD_13_06_1,AD_14_00_1,AD_14_01_1,AD_14_03_1,AD_14_05_1,AD_14_07_1,AD_14_10_1,AD_14_13_1,AD_14_14_1,AD_15_00_1,AD_15_01_1,AD_15_03_1,AD_15_04_1,AD_15_06_1,N_1_01_1,N_1_05_1,N_1_07_1,N_1_08_1,N_1_09_1,N_2_00_1,N_2_01_1,N_2_03_1,N_2_06_1,N_2_08_1,N_3_01_1,N_3_03_1,N_3_04_1,N_3_06_1,N_4_01_1,N_4_02_1,N_4_04_1,N_4_06_1,N_4_08_1,N_5_03_1,N_5_04_1,N_5_06_1,N_5_08_1,N_5_10_1,N_6_01_1,N_6_02_1,N_6_03_1,N_6_06_1,N_6_08_1,N_7_01_1,N_7_02_1,N_7_04_1,N_7_07_1,N_8_01_1,N_8_05_1,N_8_07_1,N_9_00_1,N_9_03_1,N_9_06_1,N_9_08_1,N_9_12_1
ENSG00000078369,11,4,19,32,32,15,38,9,35,29,15,30,39,34,23,55,26,26,6,9,6,0,72,55,17,6,20,10,13,50,2,29,16,17,29,11,6,29,15,2,37,22,14,41,0,25,33,31,22,1,32,3,51,9,5,48,10,15,22,4,17,18,21,30,39,21,26,54,17,6,18,4,12,15,19,0,16,26,15,25,30,18,55,61,28,33,9,14,3,0,14,5,11,4,15,21,24,30,65,58,22,22,19,33,17,14,18,20,15,18,16,33,8,8,34
ENSG00000130939,20,11,9,19,46,8,33,26,46,11,12,57,62,46,0,50,17,31,21,23,18,4,2,7,70,50,32,8,5,75,9,13,34,20,22,36,17,13,7,0,16,31,30,39,17,1,45,48,14,6,22,12,2,53,15,48,32,11,18,34,7,36,38,37,28,46,24,43,24,26,19,8,24,25,10,1,40,24,29,39,21,22,49,84,27,41,19,16,1,0,17,11,13,13,20,27,28,35,1,37,37,31,22,28,17,29,49,51,18,24,60,21,7,14,47
ENSG00000162545,4,9,3,6,1,8,1,0,3,1,1,2,10,12,4,5,4,1,7,0,0,5,0,7,7,3,0,3,1,11,2,8,5,5,18,4,0,2,3,1,6,0,0,12,0,2,1,6,1,4,0,0,2,6,0,1,0,1,0,1,10,0,6,10,6,6,2,9,7,3,0,11,3,9,9,4,1,0,2,12,7,8,1,19,8,4,1,3,0,0,7,0,0,2,2,6,10,11,2,0,8,0,0,4,8,8,4,3,0,0,7,0,4,1,4
ENSG00000173372,0,0,2,4,3,6,18,3,0,3,11,1,9,0,0,4,2,3,0,9,11,0,0,10,0,2,2,0,0,4,0,5,4,5,7,1,4,4,0,1,8,2,1,1,0,0,1,7,0,0,0,1,4,1,0,5,2,1,8,1,2,10,14,0,0,0,3,5,1,0,0,0,2,0,1,0,2,0,3,3,0,2,1,2,5,4,1,1,0,0,3,7,4,8,1,8,0,2,3,4,10,16,11,0,5,0,0,0,0,6,0,4,0,3,7
ENSG00000004455,19,6,8,16,29,6,5,35,2,10,28,10,51,13,1,39,8,12,15,3,6,8,3,5,8,15,4,0,10,38,15,5,31,10,8,4,6,6,12,6,58,6,16,13,1,0,17,9,4,0,5,3,7,8,8,20,11,33,6,5,12,16,20,22,12,10,21,30,9,10,4,23,15,17,11,31,20,21,16,44,34,51,27,39,44,15,42,14,0,0,1,8,10,3,3,18,10,13,7,11,26,11,31,11,41,15,12,27,4,16,29,8,5,31,28
ENSG00000163867,10,6,12,29,23,9,9,16,20,16,9,14,61,38,8,55,17,4,3,11,6,28,42,25,8,16,10,12,4,28,23,14,5,9,24,34,16,6,19,0,21,11,19,19,1,13,14,26,0,2,9,61,11,14,7,29,5,2,10,5,10,10,12,26,11,22,22,16,16,7,0,1,28,25,5,8,22,31,23,31,34,8,6,44,40,9,12,13,0,0,9,2,10,14,13,28,29,25,0,33,9,18,35,23,12,16,13,19,12,1,35,28,3,28,32
ENSG00000146463,13,5,12,42,24,29,17,14,41,7,13,27,46,40,8,51,27,17,13,8,23,10,24,6,20,31,6,7,6,46,20,11,23,10,64,27,14,13,14,0,38,34,21,31,7,5,36,27,10,0,13,8,2,17,2,29,7,12,5,9,7,23,16,15,36,17,11,42,59,17,7,16,23,41,19,21,13,26,14,67,38,49,17,51,33,30,14,24,0,0,10,4,7,8,21,29,16,25,68,9,17,21,24,17,39,35,37,24,16,9,39,32,6,42,16
ENSG00000043514,7,4,23,15,6,1,1,17,9,2,2,2,21,5,4,12,19,11,18,11,18,2,81,13,2,11,13,1,0,24,10,2,7,4,12,19,19,6,6,1,3,1,28,11,3,0,3,11,13,0,5,2,1,11,0,11,3,9,0,6,7,2,2,7,22,1,11,41,2,2,10,0,0,7,1,0,1,8,9,20,12,10,22,19,10,18,15,2,17,0,0,0,0,1,9,3,6,18,5,2,9,6,2,10,1,15,6,22,1,3,29,18,5,20,1
ENSG00000084073,2,2,3,1,16,22,22,41,32,21,20,9,23,16,0,20,9,7,8,2,2,3,6,8,8,2,4,1,0,17,12,9,17,8,15,15,2,26,0,4,3,24,9,4,0,5,10,31,1,0,25,1,0,16,4,5,8,5,0,11,0,25,29,12,13,5,28,16,12,0,0,0,8,17,0,6,4,4,14,27,26,10,13,24,23,19,1,7,1,0,9,8,18,3,11,5,8,21,2,4,15,18,17,11,7,11,9,6,6,12,10,9,19,3,5
ENSG00000065978,1,5,2,5,9,8,1,6,7,11,2,6,16,3,0,14,2,6,3,3,2,2,0,2,1,0,0,0,0,7,10,3,3,8,6,5,13,5,1,6,5,0,9,10,1,4,5,4,19,0,11,51,14,4,2,15,1,0,0,13,1,3,12,11,0,14,0,8,10,5,7,6,5,4,3,35,6,4,13,23,26,4,14,6,6,11,7,5,0,0,3,5,4,2,5,10,6,7,0,2,5,9,0,2,5,5,10,3,5,20,25,0,0,6,17
ENSG00000162378,10,7,14,21,22,25,31,22,30,24,18,44,53,2,29,58,27,10,7,11,3,14,10,18,5,19,1,1,9,46,10,15,26,12,20,35,23,7,23,0,34,10,21,28,11,8,17,27,22,1,37,20,0,20,36,56,15,7,7,13,26,31,43,26,15,38,6,19,13,22,10,9,10,24,1,7,13,24,19,46,46,84,20,55,39,27,15,10,16,0,22,41,25,9,14,18,20,31,5,22,29,19,28,16,14,30,39,14,16,21,21,19,7,17,23
ENSG00000177606,6,23,5,4,7,3,21,7,17,16,7,12,21,1,1,11,5,4,5,12,7,2,0,1,1,13,0,0,0,9,2,0,4,7,6,6,4,2,4,4,12,4,0,9,0,5,10,9,5,3,5,6,0,7,9,16,4,0,0,0,0,17,25,0,4,14,6,4,7,1,11,5,2,5,0,0,7,9,7,39,23,8,14,11,11,0,7,2,0,7,20,6,19,1,6,1,13,12,10,1,3,13,6,4,11,11,13,11,4,0,1,13,1,3,12
ENSG00000132485,10,6,5,9,24,8,18,14,4,11,4,7,26,44,4,21,6,7,14,6,7,7,0,3,5,10,8,0,3,16,2,7,7,6,9,30,6,10,12,1,2,11,15,7,1,10,8,29,20,13,2,25,21,3,1,14,0,16,8,13,4,4,9,13,24,5,1,11,19,6,0,17,12,9,9,0,15,17,13,16,0,14,5,8,22,12,1,18,0,0,12,24,9,6,9,30,14,15,13,13,4,12,15,16,6,13,13,15,1,10,20,25,1,14,11
ENSG00000036549,31,18,24,32,24,11,3,41,21,16,41,22,63,40,43,49,41,7,16,5,4,95,29,41,49,26,7,32,6,44,11,8,31,6,3,4,11,12,1,7,19,16,8,26,0,45,27,30,27,0,22,10,9,22,1,35,10,5,7,32,18,26,28,44,36,24,42,34,51,9,3,3,39,9,4,18,21,16,11,46,48,48,27,47,38,30,14,23,0,111,11,2,26,4,9,28,28,25,8,6,9,31,30,43,3,23,13,48,28,25,17,30,21,10,44
ENSG00000117174,28,21,22,8,17,10,11,16,21,8,23,14,26,4,15,33,19,16,29,7,2,1,9,15,15,7,20,11,1,33,5,6,36,10,11,20,7,9,19,5,1,5,32,14,31,2,27,12,9,0,18,5,1,13,5,6,12,10,20,9,0,8,27,14,25,16,41,41,25,15,2,5,19,36,31,0,26,16,30,34,24,34,41,25,27,47,17,7,0,0,18,4,6,16,9,25,14,28,16,27,33,34,22,20,7,21,3,20,7,1,22,34,6,6,26
ENSG00000116337,15,5,7,20,6,8,29,12,5,15,2,4,27,15,8,22,21,5,26,16,5,8,16,6,3,14,20,11,3,15,10,4,5,7,25,26,12,7,9,1,37,11,10,6,9,5,5,26,8,9,11,5,16,19,1,16,16,5,0,7,6,17,28,4,13,15,3,6,10,8,6,11,18,20,0,5,0,30,15,39,16,16,15,23,16,3,12,7,76,0,9,2,16,16,13,1,4,21,4,4,17,40,5,10,21,15,15,22,6,8,18,3,10,19,10
ENSG00000155366,5,5,4,6,8,3,2,0,9,2,6,2,21,2,11,20,4,3,8,9,1,3,1,13,16,4,3,0,14,17,8,6,16,6,2,19,0,13,9,1,12,3,2,9,0,0,4,6,2,5,18,0,0,8,5,8,2,2,0,1,4,8,8,2,6,9,3,23,2,0,2,15,11,7,0,1,4,1,6,21,4,10,24,15,14,28,5,3,11,0,3,15,6,16,2,14,13,8,0,10,0,3,2,15,19,10,16,5,6,0,7,8,11,3,15
ENSG00000116874,8,7,1,10,11,19,0,12,4,13,2,1,27,3,0,16,10,19,1,2,8,0,10,8,25,12,0,3,4,20,3,0,9,4,4,10,15,5,1,0,5,22,1,8,4,11,9,13,0,0,6,47,20,11,1,9,2,3,0,4,19,16,19,8,45,13,4,21,14,2,8,0,7,9,0,16,0,27,2,32,9,1,10,15,17,30,13,2,0,0,15,1,8,8,1,13,13,20,12,22,5,1,9,14,13,4,4,10,6,16,6,10,3,4,6
ENSG00000163568,14,7,10,4,12,15,13,14,0,7,11,12,22,17,0,24,4,7,1,4,8,3,5,15,2,18,0,0,3,30,4,4,21,3,4,7,2,0,11,0,21,0,1,20,3,4,6,15,1,0,16,2,3,7,0,17,0,1,16,16,4,1,1,5,2,4,23,18,15,2,0,1,9,29,3,10,2,12,13,19,17,1,16,20,13,3,1,4,0,0,0,1,3,10,3,5,1,6,8,12,0,1,4,13,12,7,15,9,6,6,26,3,18,3,4
ENSG00000116750,23,2,13,12,20,8,26,16,19,46,15,26,28,23,11,37,11,4,5,2,37,0,7,37,25,15,11,22,5,17,15,10,5,5,14,24,4,5,7,2,21,1,23,26,14,7,23,17,9,0,2,0,0,15,19,13,11,4,5,3,4,25,19,24,13,1,37,17,14,3,25,38,15,5,13,11,3,16,24,23,14,10,11,27,27,31,20,5,1,7,6,13,15,1,12,24,29,23,4,21,26,47,14,8,25,27,8,17,7,20,23,27,40,19,25
ENSG00000143862,0,2,7,0,2,3,6,5,0,1,7,5,8,7,0,7,1,0,12,2,3,8,0,3,1,0,0,0,0,12,8,5,0,3,1,5,1,13,1,7,13,15,22,7,3,10,4,1,0,0,1,4,2,0,8,15,4,0,0,0,3,1,2,3,18,3,9,10,3,1,0,3,5,0,2,4,0,7,1,11,8,0,2,2,2,0,2,5,0,0,6,1,1,4,2,1,0,2,1,8,17,2,19,9,0,6,5,18,2,0,2,10,0,2,7
ENSG00000092969,15,9,9,0,11,5,5,5,5,4,3,7,24,3,16,13,14,9,16,6,0,7,8,0,14,2,11,1,0,19,11,2,10,7,18,3,2,7,6,0,7,0,29,8,0,5,8,13,22,0,1,2,12,16,4,7,4,4,1,0,5,10,23,16,10,4,5,10,18,16,14,1,11,6,6,5,8,6,7,25,0,9,3,10,26,5,10,5,0,0,2,0,9,9,4,24,11,30,1,18,14,8,32,18,3,17,5,2,4,9,6,8,1,8,11
ENSG00000162923,20,13,21,11,34,15,70,26,16,24,56,52,45,27,18,54,12,21,15,6,17,11,4,14,19,33,13,0,16,47,35,16,32,30,30,66,13,38,17,9,29,25,20,38,26,8,34,36,34,10,33,31,10,28,44,28,29,26,52,17,20,31,42,63,25,31,21,31,25,17,9,26,14,31,1,9,29,73,27,51,14,52,30,63,51,46,17,22,7,0,26,11,3,9,15,18,32,29,88,32,66,21,68,38,8,44,21,31,13,44,44,47,8,14,17
ENSG00000135744,7,0,10,3,6,6,3,1,4,7,1,6,9,1,0,11,0,7,20,2,2,0,7,1,7,1,0,2,5,11,10,8,1,6,2,5,0,2,1,1,17,4,9,14,21,1,1,7,5,0,8,10,0,11,0,9,5,0,6,4,2,7,4,11,15,4,2,4,10,4,1,14,7,4,0,0,0,4,1,15,4,4,3,9,7,9,8,4,0,0,3,1,0,1,10,0,2,2,0,10,9,1,0,4,6,2,7,1,11,0,11,4,1,7,2
ENSG00000117020,57,11,14,26,22,10,78,30,46,16,3,29,51,20,14,46,13,13,9,8,26,41,9,19,27,15,23,3,14,45,17,4,25,20,11,15,19,35,22,24,30,10,21,48,22,5,32,30,6,93,42,16,19,7,18,34,24,13,12,16,29,12,66,15,40,35,41,32,28,37,0,8,26,52,2,0,28,31,38,44,36,28,15,73,66,45,12,23,0,0,9,4,12,3,18,51,17,40,5,28,28,51,33,40,17,27,22,35,20,26,27,39,10,26,49
ENSG00000158125,10,27,12,36,24,8,16,19,21,29,11,23,37,2,10,32,11,19,6,24,32,16,10,22,19,12,5,5,5,36,15,20,15,19,24,28,17,5,24,66,12,6,14,25,1,13,1,24,14,0,13,2,13,49,14,22,9,9,16,17,10,16,13,25,17,10,1,27,21,10,1,13,62,14,0,0,9,17,25,40,19,14,35,43,43,18,14,7,1,26,5,9,11,17,26,25,8,24,18,29,22,28,14,25,10,12,13,16,12,6,22,21,18,28,22
ENSG00000169764,20,13,23,27,24,25,13,45,24,7,15,49,65,46,2,42,12,11,5,11,8,5,11,2,9,7,14,2,0,40,15,12,30,8,18,18,31,13,22,2,16,0,6,35,6,3,47,21,0,0,35,1,27,23,9,21,7,13,9,14,10,23,20,18,4,12,18,35,28,8,12,4,25,3,3,2,20,9,32,54,24,20,32,36,16,21,8,15,0,3,2,0,12,5,17,25,39,15,0,32,31,35,16,14,18,31,14,20,24,13,18,35,11,22,16
ENSG00000115073,5,2,4,14,5,3,7,0,7,7,8,8,14,19,0,7,8,3,5,4,14,14,13,2,3,7,6,0,13,11,6,9,0,9,16,8,2,11,5,1,25,0,5,9,0,21,11,7,16,0,0,5,1,1,2,26,3,3,2,5,0,0,8,7,13,10,5,4,8,1,29,1,38,21,1,2,1,9,7,12,1,1,1,17,11,7,2,9,0,7,0,1,1,6,6,17,15,5,12,4,4,0,19,2,2,4,0,9,5,19,3,4,17,12,4
ENSG00000153094,15,10,20,25,21,4,29,28,2,42,19,37,53,62,4,28,13,15,8,9,19,10,16,16,12,21,26,1,0,36,12,9,23,17,39,11,22,9,9,23,23,13,19,21,15,0,23,26,4,58,15,3,22,27,5,5,2,0,8,10,8,1,23,5,14,16,5,17,31,19,25,3,11,0,6,18,20,35,12,47,31,20,7,35,33,10,6,5,18,0,5,31,18,15,4,13,18,27,1,0,66,7,28,33,15,8,14,27,22,37,48,29,9,41,30
ENSG00000153107,9,11,11,18,21,13,6,10,17,35,12,9,47,24,3,34,18,2,0,10,29,16,0,17,2,5,8,15,0,44,9,16,11,13,16,6,3,28,7,11,19,1,15,20,9,0,12,4,8,0,11,10,0,42,4,23,2,2,2,4,2,4,23,46,19,8,18,39,19,9,0,38,28,44,7,11,30,28,21,41,34,17,27,27,20,1,4,29,14,0,13,5,13,10,21,21,9,23,13,14,15,49,29,18,27,6,15,44,13,11,12,35,32,20,13
ENSG00000115263,1,14,4,4,5,11,30,7,19,30,3,9,11,7,6,14,0,0,0,2,0,18,0,0,5,1,1,0,0,11,0,0,8,2,11,3,4,12,6,0,3,0,0,3,1,12,5,10,0,0,1,0,0,2,6,10,1,0,2,3,0,0,11,11,15,6,20,17,9,0,0,0,8,6,0,13,2,9,11,16,11,5,1,12,23,9,6,3,0,96,6,0,0,0,3,1,13,8,1,4,5,2,1,13,3,3,4,6,6,0,3,2,2,3,13
ENSG00000115935,19,11,12,18,43,27,13,22,20,50,14,29,44,26,21,45,12,23,18,15,34,12,38,49,40,27,23,0,12,59,20,16,24,30,26,44,7,25,17,55,31,0,18,25,10,24,40,32,1,0,5,83,34,32,7,18,27,33,16,17,26,21,30,17,30,36,28,25,39,3,23,20,45,28,5,2,9,18,6,51,28,13,43,51,44,57,12,39,0,0,5,7,3,27,19,17,32,27,41,25,28,36,35,18,5,10,6,29,23,52,6,23,26,18,67
ENSG00000115966,18,9,9,8,24,15,20,12,5,23,2,14,22,12,17,24,15,5,21,34,4,28,24,0,1,25,8,1,5,29,18,12,17,12,13,22,2,5,7,0,2,4,24,30,5,6,36,7,2,9,23,5,8,20,0,21,13,20,14,7,1,45,28,14,23,10,16,13,12,1,1,0,12,5,4,1,32,11,5,33,19,8,17,34,24,21,16,14,0,0,15,19,9,8,12,43,11,15,5,38,17,19,0,25,13,5,18,34,11,3,25,19,16,3,21
ENSG00000138363,9,5,12,12,7,14,31,9,22,11,16,24,32,30,2,18,3,1,4,14,2,17,1,13,10,5,13,13,11,20,5,11,12,4,5,29,1,14,39,0,9,13,9,20,5,13,6,11,16,0,3,0,14,4,14,13,17,0,8,1,0,10,18,7,0,5,17,20,11,19,4,7,5,21,2,0,4,18,11,31,7,21,5,26,25,9,10,12,0,0,11,9,0,0,9,7,8,13,14,1,12,9,13,2,10,2,6,21,3,3,11,20,6,1,4
ENSG00000079246,36,11,7,14,11,9,23,7,5,30,27,23,32,20,4,45,30,9,1,3,14,10,48,5,18,20,16,16,13,31,17,19,1,10,12,44,16,10,24,2,25,23,17,16,1,11,15,22,2,0,9,0,4,16,32,49,11,4,2,32,21,6,29,11,21,7,9,18,7,14,8,5,27,28,6,13,26,7,11,45,20,30,9,37,30,33,7,10,0,23,2,9,15,1,13,48,8,10,22,5,27,19,79,39,8,26,18,22,19,21,31,20,4,24,38
ENSG00000163466,11,23,17,15,23,6,37,5,32,11,6,15,44,24,21,37,18,10,16,3,19,24,8,35,17,31,25,1,10,45,12,16,28,16,21,21,17,18,24,8,9,5,3,16,1,19,42,29,8,1,11,18,16,18,2,36,16,19,5,7,8,1,30,13,23,14,25,23,31,12,10,1,11,30,11,4,28,36,21,44,17,15,14,34,43,7,8,14,0,4,19,16,8,9,13,25,6,23,19,10,3,13,9,22,30,6,22,29,10,10,22,20,17,8,35
ENSG00000074582,9,11,3,5,9,8,12,15,2,19,15,11,15,1,5,22,13,15,1,5,0,0,1,0,0,3,10,0,0,19,4,2,7,8,16,5,17,2,4,0,3,0,3,12,15,16,0,8,2,0,14,6,11,14,6,15,1,3,2,22,1,2,2,9,5,18,0,5,11,0,0,0,26,4,5,17,9,3,0,36,1,2,6,24,10,3,4,9,0,0,2,14,1,5,1,1,3,4,5,6,34,7,1,11,7,9,0,5,6,4,8,14,4,6,12
ENSG00000158552,4,13,0,0,4,1,3,19,3,31,12,4,19,15,2,22,4,8,3,3,2,23,5,26,14,9,0,5,0,18,1,1,13,2,10,4,7,2,2,4,4,12,10,8,13,3,4,13,15,5,20,1,0,3,6,18,23,1,1,10,2,4,1,4,2,15,4,15,7,1,14,1,10,11,5,0,7,9,1,17,5,23,5,15,21,7,4,14,0,4,9,7,1,12,7,10,5,8,1,1,8,5,0,2,14,5,5,8,3,6,28,28,2,13,16
ENSG00000198925,11,16,19,29,16,5,24,34,22,23,22,15,32,12,6,23,12,6,7,9,2,20,5,2,50,15,11,2,6,44,17,5,13,10,24,13,8,21,6,2,3,5,17,10,5,9,21,10,10,12,5,0,0,25,13,20,8,3,18,11,2,21,2,16,12,12,14,19,10,1,5,4,40,6,3,0,18,28,4,39,15,12,10,42,14,2,3,18,0,0,2,16,2,5,10,18,10,17,13,10,41,51,27,11,30,16,19,11,14,12,29,18,7,18,23
ENSG00000072756,14,19,14,13,16,17,19,10,38,18,15,6,23,2,4,24,18,6,7,17,5,5,23,5,2,39,2,26,2,25,7,9,23,15,30,22,14,6,17,2,27,12,27,8,10,15,16,21,6,22,3,10,30,9,9,20,6,5,13,15,7,27,7,24,14,10,8,33,18,1,9,0,13,7,5,3,15,19,3,30,48,29,7,32,33,8,18,17,1,3,12,17,10,13,10,16,7,16,30,9,14,18,8,18,8,10,10,23,10,20,10,13,6,15,14
ENSG00000171148,3,16,4,0,5,13,9,24,12,10,5,3,14,6,2,16,1,8,11,2,2,0,5,0,8,11,6,21,0,15,11,1,2,7,6,2,4,10,1,1,9,10,1,11,10,0,6,10,3,5,7,26,5,5,11,17,12,5,1,4,21,3,5,11,2,21,5,7,14,14,0,0,3,0,0,4,9,20,7,17,9,24,3,14,18,0,5,5,15,0,4,0,1,0,7,4,21,7,6,10,1,8,5,5,5,5,3,22,3,13,10,7,3,4,0
ENSG00000197548,11,18,14,9,29,17,23,15,49,48,9,45,57,23,7,49,27,26,25,19,24,3,22,2,41,28,20,1,27,47,26,14,21,10,22,25,16,31,27,0,11,18,13,16,9,19,31,37,13,5,21,4,20,16,1,13,7,3,17,20,7,19,21,8,43,29,17,41,34,10,14,3,17,35,36,0,30,9,27,52,23,41,27,32,29,33,8,20,0,0,10,13,3,5,27,17,10,27,20,28,21,67,56,8,28,15,14,20,19,12,16,37,5,21,29
ENSG00000170142,3,11,14,23,11,8,2,2,31,0,1,11,10,5,9,14,10,13,6,3,39,11,26,2,9,1,0,1,0,22,7,9,4,9,7,24,11,1,7,0,13,1,12,9,4,2,12,28,5,5,9,18,0,7,0,30,2,0,6,1,11,9,5,9,5,1,13,2,1,2,0,0,34,1,0,7,1,12,17,27,9,8,2,12,6,16,5,15,0,0,3,8,9,0,19,11,5,7,7,2,23,14,2,4,9,5,22,23,6,8,14,10,11,5,6
ENSG00000077097,10,21,14,15,39,14,25,7,23,36,12,17,48,10,1,47,13,27,2,9,27,9,9,7,2,26,17,0,6,25,13,3,30,11,19,23,6,19,6,0,35,8,7,14,31,31,32,48,1,0,29,7,10,41,3,12,12,9,13,12,2,43,50,36,35,16,20,43,17,0,10,0,50,7,6,6,19,26,7,35,35,34,4,43,22,40,14,19,0,0,10,13,6,9,35,46,12,39,5,23,27,56,34,39,16,11,13,29,6,5,45,17,8,17,16
ENSG00000011376,6,12,9,34,14,18,10,12,22,13,21,27,45,35,8,23,15,15,16,20,28,28,22,12,9,3,24,4,27,44,9,28,22,7,38,28,13,5,13,2,37,3,17,26,10,10,25,5,9,0,3,1,0,34,1,3,17,23,0,7,6,4,20,3,42,15,23,35,40,11,1,5,0,20,15,0,23,19,9,75,46,34,15,36,44,11,11,13,0,0,0,11,7,9,18,7,29,10,22,48,33,25,18,13,11,34,11,17,10,3,10,25,8,15,29
ENSG00000213689,0,0,0,0,0,0,0,0,0,0,0,0,0,0,0,0,0,0,0,0,0,0,0,0,0,0,0,0,0,0,0,0,0,0,0,0,0,0,0,0,0,0,0,0,0,0,0,0,0,0,0,0,0,0,0,0,0,0,0,0,0,0,0,0,0,0,0,0,0,0,0,0,0,0,0,0,0,0,0,0,0,0,0,0,0,0,0,0,0,0,0,0,0,0,0,0,0,0,0,0,0,0,0,0,0,0,0,0,0,0,0,0,0,0,0
ENSG00000010256,0,26,1,16,6,11,0,8,14,3,3,2,25,12,1,19,7,5,12,2,6,4,0,6,0,7,1,4,0,28,9,5,8,2,10,15,10,8,6,5,20,6,13,5,1,11,10,24,1,4,8,4,0,13,0,22,0,5,9,14,1,10,15,10,10,4,1,7,4,0,7,0,11,9,1,0,3,8,8,34,8,4,5,18,45,2,11,2,0,0,6,2,9,7,2,12,4,3,0,9,11,11,15,7,4,2,10,16,10,14,9,5,6,7,13
ENSG00000177479,7,16,24,21,21,19,14,16,44,29,17,43,51,11,1,47,18,12,27,9,19,22,2,27,24,17,11,12,19,58,48,26,19,9,19,21,7,19,28,15,16,24,22,35,9,5,7,41,22,12,11,12,7,17,4,25,22,16,6,6,31,37,35,52,12,33,14,25,18,19,1,15,41,11,35,2,14,18,3,64,17,19,22,67,41,1,10,8,2,2,19,18,2,8,12,25,29,33,26,23,12,30,18,16,36,19,15,24,8,23,16,25,18,8,36
ENSG00000144848,14,18,9,14,13,4,10,11,4,24,4,14,27,0,2,31,19,5,15,9,12,6,0,14,11,12,6,20,4,28,29,25,16,8,24,19,16,7,4,0,15,13,19,10,8,12,15,16,13,0,13,0,0,35,8,10,10,2,0,12,2,37,33,28,11,18,17,48,26,15,4,28,15,9,0,9,19,13,9,40,23,19,27,28,37,9,7,28,0,5,0,4,7,12,9,25,12,11,3,8,13,38,34,11,14,18,17,44,12,21,26,28,16,9,27
ENSG00000114573,19,10,8,21,13,3,26,48,24,20,14,30,36,25,2,38,8,5,8,9,10,24,7,24,36,29,8,7,8,37,31,7,12,14,24,42,7,6,32,0,13,4,18,18,15,3,16,2,0,0,32,14,7,34,1,12,20,5,1,8,24,31,24,22,2,33,11,40,11,20,25,1,21,13,10,0,16,8,5,42,14,18,23,23,16,0,22,26,0,0,27,5,3,5,5,14,8,7,2,17,12,27,10,23,11,10,18,21,19,18,36,40,0,20,5
ENSG00000173175,24,29,10,37,25,27,20,24,30,22,17,39,36,4,15,15,17,12,8,29,10,4,14,12,34,36,14,19,7,27,24,59,10,21,34,34,29,9,16,5,46,22,30,23,16,10,11,14,20,34,22,20,2,35,8,10,13,7,0,6,10,20,36,25,17,6,14,19,31,3,0,8,45,27,0,3,20,15,13,50,19,29,14,36,35,15,19,14,5,59,2,7,5,8,26,3,21,20,38,32,21,24,37,22,9,22,24,39,12,7,14,27,5,13,12
ENSG00000070476,11,16,36,10,17,15,22,32,7,9,18,14,38,37,8,26,23,15,46,9,18,15,4,4,21,17,1,0,4,51,7,10,17,9,37,28,9,22,24,10,11,33,30,16,7,18,24,23,6,4,17,1,7,11,23,38,3,33,3,0,15,18,36,27,13,16,51,45,25,3,24,1,25,5,5,3,7,26,11,49,46,42,9,51,21,20,13,5,0,13,5,9,9,8,23,13,24,17,6,29,55,62,5,44,14,21,11,29,15,22,6,23,2,24,18
ENSG00000017260,7,16,31,49,40,23,3,24,24,56,32,48,58,6,6,29,39,32,25,18,23,24,2,29,11,33,20,32,19,62,24,9,24,18,27,28,30,50,21,29,45,23,18,32,16,31,47,24,11,0,10,34,8,46,15,38,12,9,10,18,2,51,41,7,17,24,5,34,37,3,18,38,16,51,26,39,26,20,14,64,53,41,44,57,48,22,12,15,0,0,37,10,12,18,17,41,24,13,29,27,15,22,28,31,23,25,18,21,16,37,43,29,6,29,21
ENSG00000163781,16,11,28,26,18,17,22,31,15,28,31,35,31,43,32,41,16,16,9,10,10,27,0,9,12,15,16,3,21,37,13,26,19,13,17,8,22,13,14,1,10,26,14,26,13,18,38,29,6,0,18,15,7,28,46,31,13,30,0,16,4,29,30,20,11,84,12,32,16,0,0,2,23,37,7,3,34,13,7,36,28,31,8,37,35,24,12,6,0,0,11,4,17,2,10,10,25,34,8,5,24,69,14,20,19,40,24,19,14,15,9,48,18,1,21
ENSG00000114127,27,46,7,20,47,34,60,50,73,57,17,50,72,34,25,66,37,44,9,30,48,31,7,27,32,33,22,25,55,69,50,15,43,34,44,28,21,38,19,25,40,7,38,52,10,34,62,63,32,1,23,10,1,38,20,59,38,7,19,25,21,19,26,24,15,39,25,38,68,16,19,11,37,48,45,61,27,27,37,67,37,36,31,79,52,49,21,16,6,0,41,17,28,12,17,39,47,32,13,28,53,31,93,39,38,43,27,38,30,22,43,39,9,33,36
ENSG00000175054,21,17,40,31,30,29,49,34,33,17,15,65,69,25,7,69,24,23,8,22,21,26,37,8,66,82,22,0,12,61,24,18,29,25,48,27,34,10,38,54,53,2,49,39,11,2,59,38,17,0,26,7,19,36,8,52,17,16,1,32,29,61,44,17,28,36,23,27,28,48,25,33,23,51,25,18,35,69,23,63,36,76,46,55,68,42,38,26,6,19,26,28,23,31,14,27,31,34,51,28,81,25,51,40,35,64,48,39,28,13,32,24,32,19,22
ENSG00000154310,31,0,9,26,40,25,32,28,32,37,12,24,52,51,12,70,10,21,33,18,25,33,3,12,48,17,4,13,13,51,31,43,35,13,58,38,27,16,22,88,43,17,52,36,3,8,29,27,12,72,14,8,4,46,19,38,17,8,1,24,7,22,17,26,18,44,9,27,34,7,35,6,75,63,18,21,29,24,30,67,44,42,48,34,70,27,17,29,0,0,11,12,25,7,34,35,25,17,1,34,23,39,110,39,13,41,14,28,16,10,43,18,20,35,35
ENSG00000172667,17,22,16,16,19,26,19,22,9,11,21,49,59,36,6,49,30,35,18,18,5,27,70,4,18,16,2,9,12,40,6,7,33,16,14,8,3,29,6,3,36,3,8,29,21,17,9,34,17,0,26,0,26,11,3,19,18,0,2,6,14,58,9,24,8,20,11,24,20,24,0,0,16,46,3,3,17,12,28,56,19,59,15,41,37,19,9,14,0,0,1,10,8,7,7,18,41,31,5,44,24,23,78,37,10,31,17,5,5,33,29,12,11,8,20
ENSG00000114770,33,25,39,34,28,10,50,50,19,44,17,40,55,42,1,65,39,29,22,20,35,38,35,31,16,31,30,19,11,84,36,33,34,37,39,26,21,40,52,0,27,2,87,41,25,15,25,23,51,0,18,19,11,20,27,55,26,16,16,13,1,15,32,35,8,22,8,47,64,18,18,9,54,19,31,9,53,32,25,115,52,28,22,63,35,21,28,31,13,5,27,33,17,6,40,32,29,29,34,53,29,42,80,32,18,23,25,49,12,49,51,59,8,22,48
ENSG00000113916,11,15,14,12,19,7,20,8,22,10,8,22,41,15,11,34,7,4,9,6,9,24,27,13,10,14,27,6,39,40,9,12,15,16,11,7,0,32,10,0,0,12,18,18,25,7,22,9,18,0,14,9,5,16,5,12,12,3,5,11,1,32,18,9,7,8,9,27,10,25,2,3,9,29,5,6,15,7,9,32,38,30,30,28,27,4,8,6,1,4,10,17,10,0,19,11,13,10,14,12,9,21,21,10,14,11,8,20,17,7,3,32,3,11,28
ENSG00000189058,6,0,19,13,6,2,0,21,0,4,5,3,24,0,10,13,9,8,6,7,15,9,0,12,10,5,7,1,4,23,10,9,0,5,13,13,0,21,0,9,1,1,16,14,0,14,12,10,0,3,0,4,0,19,13,2,2,2,5,10,3,8,1,21,18,19,2,14,12,2,0,0,10,0,1,0,2,0,16,23,5,15,39,10,13,8,4,6,0,1,14,2,5,10,2,9,6,8,4,5,0,15,8,8,9,8,15,5,3,4,14,4,4,4,18
ENSG00000087008,15,9,20,15,11,15,12,26,34,19,6,7,30,20,16,24,8,4,8,4,8,3,3,8,4,17,7,0,8,31,9,0,21,8,14,25,12,9,7,6,1,2,18,15,15,0,22,11,4,0,1,2,0,16,0,9,8,5,0,3,6,11,3,11,23,18,14,24,13,8,17,1,0,17,3,2,3,11,12,30,21,20,13,18,28,6,8,2,1,6,1,4,9,5,12,3,9,11,14,10,14,5,30,10,5,27,26,30,15,5,16,9,9,15,19
ENSG00000053900,10,11,17,32,41,22,51,9,15,33,30,14,52,19,11,53,16,5,22,5,56,13,1,22,47,19,7,23,36,52,29,26,28,10,39,36,6,22,6,21,9,11,20,16,21,25,22,42,11,25,13,5,40,18,19,83,7,10,18,2,17,60,54,32,49,24,43,19,21,16,48,1,20,30,4,7,35,27,8,61,23,73,4,56,26,44,23,34,0,0,29,14,17,18,8,20,4,24,3,28,61,46,19,20,30,33,11,41,26,14,43,17,5,21,37
ENSG00000154277,2,4,2,24,5,6,20,11,14,8,1,5,19,0,3,8,8,17,1,5,11,5,0,0,6,0,10,0,1,9,22,12,5,6,1,3,6,0,2,0,10,5,4,9,29,11,1,8,16,0,0,1,2,7,20,9,3,1,1,5,0,8,1,3,31,20,0,15,10,7,0,2,0,0,2,0,17,4,1,15,21,5,6,7,10,0,6,0,0,1,11,0,0,0,3,5,11,6,4,4,16,10,10,8,11,5,1,11,2,0,18,3,8,2,9
ENSG00000163625,59,25,56,47,50,48,56,57,26,60,34,83,127,73,53,110,50,68,20,28,55,93,23,33,58,49,14,26,8,88,41,37,70,41,71,38,31,33,64,12,21,28,63,42,28,30,68,114,26,59,13,15,9,69,12,49,30,24,77,24,32,52,73,76,74,53,19,67,51,16,41,17,131,33,33,19,36,49,75,117,90,42,77,115,79,34,35,25,26,13,50,6,23,12,25,46,45,63,33,40,86,69,63,63,52,37,52,42,43,24,65,55,55,21,93
ENSG00000197894,4,8,25,12,10,34,25,21,19,6,8,14,27,8,28,21,5,4,10,5,13,24,9,4,10,1,0,5,1,27,4,2,22,9,9,10,11,6,5,0,9,2,11,9,3,26,25,8,2,0,5,10,77,0,4,22,13,18,0,7,16,32,22,1,26,18,2,25,2,19,12,6,3,13,11,5,9,19,16,27,33,17,29,18,16,13,6,4,0,2,1,8,6,6,1,27,5,30,41,4,11,10,9,16,13,14,9,12,10,17,1,6,4,7,15
ENSG00000164111,8,2,19,3,8,3,20,7,6,12,0,5,13,9,0,22,1,8,3,10,7,0,2,25,2,8,1,0,0,22,5,4,6,4,7,27,0,5,14,0,40,0,12,6,0,0,12,13,6,1,5,0,2,5,2,5,12,1,25,0,1,6,9,5,17,7,6,15,9,3,9,0,24,8,11,0,22,4,2,30,29,24,12,17,25,16,5,8,0,0,0,0,0,3,16,8,6,10,3,7,0,2,9,15,2,14,19,22,0,14,13,11,12,6,17
ENSG00000164162,12,5,5,3,4,9,3,1,22,9,27,8,14,15,7,16,6,9,11,3,3,5,23,1,10,25,0,0,7,8,0,4,3,9,1,7,8,7,4,0,0,0,17,10,2,11,11,5,0,0,1,0,3,26,1,31,4,24,0,0,0,11,14,1,6,20,5,2,14,12,2,10,0,3,7,2,0,12,0,27,6,23,15,17,20,12,7,7,205,0,0,7,0,2,1,13,2,5,0,17,20,7,2,15,4,4,6,4,5,9,15,10,39,29,28
ENSG00000145425,1,2,8,8,11,0,2,12,1,3,8,12,29,28,2,9,13,5,9,10,6,0,1,5,7,10,2,0,8,8,7,5,26,5,12,9,2,2,7,0,18,14,18,3,4,9,6,7,2,0,1,0,0,8,13,7,5,5,13,0,0,2,18,0,4,11,16,8,0,2,0,0,2,20,0,0,4,18,14,22,1,26,4,5,24,9,11,2,0,5,9,2,0,5,1,10,8,14,2,10,4,1,0,14,12,9,5,11,10,6,8,11,1,12,3
ENSG00000130449,7,7,13,7,7,16,16,13,17,5,18,6,35,4,0,17,10,11,18,7,14,8,1,37,10,8,4,0,1,15,6,16,6,22,20,18,9,3,16,6,10,0,13,15,20,7,17,14,11,1,3,5,0,9,1,35,10,6,0,20,14,7,10,15,19,23,20,26,16,3,0,0,9,20,0,29,18,4,10,25,23,35,27,12,20,6,6,11,0,0,8,13,5,3,19,22,15,27,4,27,10,15,22,15,27,10,12,3,8,20,3,11,15,17,24
ENSG00000146007,7,0,2,7,3,13,3,13,18,0,1,6,30,2,19,11,2,5,0,1,0,1,0,0,16,4,0,0,5,11,3,3,8,1,1,2,3,11,5,0,3,15,3,10,0,11,6,6,8,0,0,0,0,13,0,6,14,0,2,0,1,1,0,9,7,16,8,2,6,0,3,9,1,0,6,3,12,7,2,20,8,12,4,28,7,11,4,4,10,0,15,2,0,4,7,10,5,5,3,36,0,16,7,3,12,2,3,6,0,10,19,5,9,9,15
ENSG00000189298,7,3,15,16,8,10,0,34,20,14,24,25,24,19,5,15,18,11,4,11,13,0,8,0,11,3,2,3,6,30,13,8,12,16,10,4,11,1,6,0,4,2,14,2,5,0,8,8,0,0,2,1,17,15,11,22,19,3,0,0,6,16,12,11,1,5,12,32,22,7,2,10,22,20,2,7,14,18,11,33,5,28,15,12,20,3,6,13,1,0,15,0,8,11,6,19,20,16,1,4,22,2,9,13,7,14,15,4,7,12,14,28,7,18,13
ENSG00000030110,3,1,6,3,6,0,4,6,9,3,12,5,7,3,6,12,8,0,0,0,9,4,0,0,0,1,6,0,5,15,2,1,0,0,1,1,0,4,5,4,2,4,5,3,9,0,0,5,2,0,2,4,1,9,4,0,1,0,0,3,0,2,0,0,3,9,0,9,15,0,1,0,8,2,14,0,7,19,8,7,3,0,2,7,2,1,4,3,0,0,6,5,0,0,2,2,5,10,0,10,3,2,6,0,0,6,4,4,0,7,10,13,2,6,6
ENSG00000112715,28,22,40,34,46,9,35,51,33,21,14,48,74,19,15,48,17,28,19,7,43,12,18,23,28,28,16,4,22,62,29,33,40,29,18,36,18,11,38,0,8,21,39,23,14,78,53,33,4,3,28,19,24,36,14,37,32,13,15,16,5,26,42,33,23,49,15,39,28,2,14,18,53,35,10,10,9,28,36,85,43,43,17,71,30,51,29,29,4,0,8,21,16,14,20,39,33,30,6,38,30,67,27,35,28,34,25,41,14,24,58,31,23,25,65
ENSG00000057663,18,12,3,11,1,3,0,7,11,4,3,16,11,6,9,23,15,0,18,13,11,34,10,5,23,27,16,5,1,24,10,12,7,11,2,16,8,7,1,3,1,0,6,12,20,18,26,23,10,0,9,45,5,8,10,21,9,0,13,7,10,12,4,46,2,18,13,31,13,19,18,1,6,17,21,0,6,5,7,20,10,0,17,14,14,15,1,3,0,18,0,5,0,3,14,5,7,6,7,14,2,2,16,2,6,16,2,7,3,9,1,12,12,16,23
ENSG00000123505,13,33,32,29,15,18,37,13,10,54,4,24,40,31,22,18,18,15,12,16,12,18,22,22,17,13,27,2,11,40,6,9,3,16,21,34,25,12,9,1,41,5,10,19,28,7,26,17,5,0,32,14,95,23,18,18,10,13,0,10,0,18,35,25,13,50,60,32,16,3,16,7,40,0,21,2,13,22,21,73,27,41,23,34,24,9,24,11,6,7,28,11,7,13,7,22,15,32,49,14,40,26,41,19,20,18,24,59,18,6,6,17,11,15,14
ENSG00000111875,0,12,1,9,13,2,13,3,5,10,0,9,16,2,9,13,2,3,4,4,9,0,0,0,3,16,17,0,8,13,5,3,10,1,6,12,6,0,4,0,0,0,9,12,1,0,12,2,2,2,9,0,1,0,0,3,13,0,3,0,1,4,0,6,5,3,10,12,1,0,0,5,1,7,0,1,0,0,5,16,19,1,1,8,18,8,0,8,0,0,6,0,3,0,5,5,0,4,1,1,1,6,3,7,0,1,8,3,5,7,9,1,2,5,5
ENSG00000146376,4,13,7,14,11,11,7,8,14,25,31,4,21,56,5,41,9,8,7,13,15,0,12,10,25,3,12,0,0,19,3,32,19,13,40,13,2,18,17,0,19,29,10,11,4,16,18,12,5,0,8,9,22,9,1,35,15,12,0,0,29,23,29,7,20,5,36,14,3,0,8,11,1,16,2,8,10,20,17,43,18,30,40,20,21,27,5,4,5,0,11,11,4,18,9,40,9,11,18,13,3,22,21,12,0,11,3,6,19,27,0,22,9,2,29
ENSG00000028839,0,11,7,19,16,4,23,12,2,1,17,5,16,0,4,15,0,3,4,3,1,0,11,0,6,10,4,0,3,14,9,9,8,2,3,15,7,2,11,0,5,1,12,11,1,11,10,14,6,0,0,3,0,9,2,23,8,14,7,8,1,0,25,4,1,11,18,11,8,0,13,9,0,8,2,0,10,8,1,21,6,22,11,37,20,14,2,13,0,0,0,2,9,2,12,0,10,7,3,8,27,3,6,11,3,15,10,9,18,2,5,17,7,1,8
ENSG00000112592,4,13,1,16,10,8,18,13,7,4,2,9,15,18,1,9,8,2,0,3,18,13,0,1,5,5,23,0,0,22,4,7,6,7,7,7,0,0,7,6,1,1,6,6,0,18,4,2,3,0,4,1,0,4,0,7,0,10,0,10,0,14,10,28,7,12,14,6,14,1,7,0,21,2,3,4,6,7,8,12,5,7,12,26,8,10,5,2,0,0,0,5,0,1,3,6,4,4,0,2,28,0,9,3,2,4,4,13,1,0,23,15,5,3,9
ENSG00000157954,18,16,11,18,36,18,17,4,42,27,34,26,52,26,20,50,16,22,20,25,28,7,5,25,26,43,11,6,6,49,23,19,25,18,29,44,14,21,11,26,23,24,22,31,1,38,31,24,27,1,21,11,13,29,30,44,17,11,1,16,10,35,24,35,11,64,18,59,23,6,18,20,25,22,8,3,42,29,17,74,28,36,21,73,31,13,13,21,0,0,0,29,23,7,17,22,14,44,19,26,18,28,20,26,17,13,15,22,11,20,16,30,9,33,20
ENSG00000106305,1,2,0,3,7,0,3,1,0,10,2,5,7,0,0,6,1,9,0,1,0,4,0,0,1,11,0,0,0,16,0,19,9,5,1,0,12,5,5,0,9,6,1,5,0,3,2,11,0,0,5,4,0,1,2,12,0,0,0,1,9,4,2,0,4,1,0,19,5,1,0,0,9,0,2,0,13,1,3,28,6,0,3,7,4,7,2,0,0,0,7,5,1,2,2,7,0,2,0,3,10,7,1,7,1,0,1,1,0,2,0,9,5,2,2
ENSG00000187546,6,22,2,4,14,5,33,5,20,27,22,20,32,3,14,40,26,7,15,9,5,7,2,13,14,1,3,0,1,28,9,11,10,2,8,35,4,2,13,1,8,0,9,7,3,9,25,6,2,0,11,0,40,10,9,13,2,0,0,2,1,25,14,7,6,5,16,10,12,1,7,1,35,8,4,0,4,5,6,16,24,1,4,30,14,11,5,16,0,0,8,2,3,0,7,14,16,12,2,21,19,31,23,20,8,3,14,11,6,0,27,12,0,13,8
ENSG00000106541,4,6,13,8,5,14,14,1,1,8,4,16,19,0,0,21,5,7,1,0,0,5,14,11,16,1,6,0,18,15,7,0,9,6,10,19,6,0,14,2,14,0,15,6,0,0,14,14,15,1,2,0,2,3,24,4,16,0,22,0,5,3,0,15,20,3,5,12,8,7,0,0,6,9,21,0,6,4,3,26,3,0,8,28,15,18,2,25,0,2,2,2,0,6,1,3,10,5,7,11,4,1,19,14,4,4,13,13,13,15,14,3,3,12,9
ENSG00000180233,1,16,7,1,12,15,7,0,0,0,5,3,13,0,2,4,12,5,10,4,15,0,5,13,7,13,19,3,12,10,15,13,4,5,6,2,3,0,5,0,3,1,4,4,3,18,14,20,3,0,0,9,0,14,5,8,7,1,0,0,0,22,7,0,19,7,0,2,0,5,0,25,1,0,0,0,2,8,0,9,12,11,7,9,6,3,3,1,0,0,0,0,16,3,1,3,1,3,0,1,5,12,5,4,2,2,3,15,3,6,0,0,0,5,3
ENSG00000006715,15,15,10,15,24,30,24,22,19,36,44,22,44,22,44,43,20,34,30,12,10,38,3,18,46,32,4,7,16,33,19,23,15,19,36,24,20,35,32,9,15,29,34,22,18,19,48,42,5,0,18,7,7,43,11,23,10,12,14,11,8,51,23,11,59,54,23,61,49,3,9,26,33,25,16,4,24,27,12,73,52,15,20,48,50,28,16,33,27,0,1,4,3,11,20,29,19,24,32,52,40,50,11,24,19,39,20,26,14,18,17,6,23,39,46
ENSG00000122515,4,1,10,14,11,13,7,17,28,11,4,15,31,6,9,37,9,6,10,7,21,23,30,2,18,19,9,1,4,23,17,20,23,14,19,35,11,6,18,5,30,13,16,17,1,7,24,26,2,11,17,14,9,22,25,19,5,7,17,19,3,14,17,38,16,35,12,8,9,13,0,0,59,4,4,38,17,10,10,41,16,27,19,31,26,17,18,12,1,4,19,1,14,11,9,6,15,14,5,11,12,43,4,17,22,12,13,4,13,20,3,11,21,22,15
ENSG00000164742,11,14,33,32,42,30,25,39,27,28,15,33,56,10,23,50,37,32,14,24,36,50,30,28,30,33,18,19,9,59,52,28,49,32,25,32,38,25,16,6,63,28,33,45,13,13,28,47,43,8,17,10,2,42,12,73,27,4,6,31,12,49,68,36,21,25,21,34,32,24,19,25,36,37,40,28,26,23,37,90,44,30,24,45,52,36,20,21,70,8,21,5,12,6,14,40,29,56,3,67,48,42,17,50,19,39,33,23,39,14,70,45,23,26,40
ENSG00000106261,14,29,16,14,31,45,19,29,24,27,28,39,73,5,10,51,19,18,25,14,17,40,1,9,28,21,22,8,6,73,15,27,45,30,18,21,16,23,22,11,22,18,10,31,0,35,39,27,24,53,9,20,13,30,12,12,15,9,0,10,15,25,41,27,7,33,16,30,19,34,32,17,36,16,16,26,29,62,23,85,55,34,41,44,27,77,15,11,0,0,14,24,14,6,10,31,21,33,7,54,16,37,9,20,9,24,20,21,9,35,36,54,12,7,41
ENSG00000166529,0,15,0,1,4,1,7,6,0,5,10,1,7,2,1,9,5,6,0,5,1,0,0,5,2,4,2,1,4,6,6,2,2,3,1,6,2,3,6,22,0,0,0,0,3,1,0,12,0,0,2,0,3,1,0,20,4,0,0,0,3,9,0,17,0,5,0,5,1,0,8,0,3,4,4,9,1,6,4,7,7,2,16,11,2,0,4,0,0,0,2,0,1,3,0,0,6,4,0,4,1,3,0,0,8,8,1,0,4,3,0,3,0,0,0
ENSG00000087085,4,1,10,15,4,3,17,14,15,5,1,11,29,0,11,13,6,7,0,5,11,0,3,0,6,6,3,0,0,22,18,18,9,5,6,14,7,11,9,4,14,5,10,5,7,8,7,10,3,0,4,0,1,4,13,20,1,1,14,1,10,6,6,22,13,1,13,17,10,1,7,0,7,5,0,8,9,3,1,19,3,2,18,11,20,10,3,19,2,0,0,1,1,0,7,4,1,5,0,8,7,19,4,7,8,12,3,11,8,3,16,2,13,1,6
ENSG00000106400,1,1,3,17,11,12,13,22,2,20,21,2,29,41,23,49,2,10,2,1,4,7,7,6,18,5,4,0,7,32,8,8,11,10,19,21,17,8,0,2,7,20,17,6,19,3,10,12,3,0,5,12,2,4,0,9,3,3,3,10,0,24,16,11,12,5,3,28,22,5,0,0,9,2,2,0,18,12,1,52,12,23,8,39,29,23,28,5,0,1,13,6,1,3,8,8,18,19,36,21,8,23,32,29,12,11,11,16,13,8,12,1,4,13,21
ENSG00000135269,4,7,2,8,23,2,27,28,1,19,17,4,28,5,29,21,13,6,16,3,33,5,20,2,16,11,16,14,1,17,30,3,9,10,8,16,22,1,13,0,33,1,7,10,8,0,13,11,1,0,8,0,3,14,0,8,7,10,1,11,2,2,17,33,3,5,14,7,9,1,1,0,5,12,4,4,10,4,5,23,17,21,13,22,10,5,5,1,0,0,8,5,2,2,7,12,14,2,1,7,19,1,23,24,1,8,13,8,2,1,23,23,1,0,25
ENSG00000186591,16,14,17,25,15,4,20,37,17,7,52,37,34,25,21,25,12,30,1,7,9,30,3,0,9,30,6,9,32,38,5,9,19,27,15,43,6,15,19,3,31,6,16,19,23,26,9,17,12,2,7,1,40,17,19,39,12,14,1,13,18,0,14,39,11,13,27,32,8,19,14,6,26,12,8,9,17,36,16,48,26,23,9,58,37,15,8,6,0,0,0,3,12,8,9,20,9,21,26,30,15,35,19,11,20,22,7,23,11,18,4,25,12,20,31
ENSG00000146859,1,0,2,6,6,0,3,5,18,10,2,11,4,5,0,4,0,1,0,1,7,0,4,2,28,8,0,0,1,5,6,2,3,7,8,4,13,1,4,7,7,1,3,4,0,0,3,12,4,0,11,0,1,4,0,1,1,6,10,4,8,3,5,16,1,6,4,15,5,1,0,0,9,6,0,10,2,0,0,1,3,9,12,6,13,16,1,4,0,0,1,1,10,2,0,9,7,9,0,0,2,8,15,5,2,1,4,5,1,0,0,2,4,5,3
ENSG00000157764,30,8,37,18,38,22,12,55,23,34,72,31,56,37,5,55,29,8,9,31,8,21,3,28,58,23,19,0,15,44,25,12,8,12,23,29,22,17,3,14,13,3,16,39,16,22,45,34,1,8,28,5,2,26,9,53,33,9,12,14,28,18,26,29,13,13,19,39,32,7,54,5,25,33,11,7,38,49,40,56,71,48,17,65,39,34,10,14,6,0,20,8,6,9,7,41,18,34,6,6,28,21,15,38,20,50,12,37,13,15,35,31,13,9,32
ENSG00000159840,4,1,2,20,10,8,0,2,3,0,0,8,16,15,16,7,7,6,0,4,8,1,4,9,4,7,2,0,3,5,2,0,5,4,22,8,3,5,4,15,18,6,5,3,0,4,8,9,2,1,9,1,31,5,1,32,6,0,0,1,3,2,1,3,11,8,2,7,7,2,0,0,31,27,3,4,3,10,13,11,7,2,11,15,16,4,6,3,0,2,12,5,4,1,21,6,11,5,3,17,13,17,41,7,5,4,2,17,9,4,1,3,3,0,9
ENSG00000101849,14,13,23,15,26,11,21,38,27,9,12,25,26,27,4,17,19,29,33,12,4,9,0,3,6,7,14,9,0,27,9,1,11,7,6,21,27,23,12,4,25,10,44,30,12,12,16,11,13,0,2,0,1,13,0,38,12,7,1,45,11,13,18,32,7,16,42,24,24,10,1,0,21,1,1,7,1,8,4,34,20,13,29,49,12,6,10,16,0,0,5,0,3,3,7,2,9,18,1,22,26,27,13,24,26,23,23,13,7,22,11,34,19,4,20
ENSG00000205542,25,25,12,20,10,6,66,15,20,0,46,0,3,88,43,8,45,5,26,15,18,33,240,92,75,29,15,70,12,4,73,3,27,9,256,210,28,412,44,24,353,18,46,19,0,2,14,8,61,4,14,583,1822,28,16,294,79,40,4,8,39,28,18,183,129,108,53,54,23,6,49,58,30,46,33,4,6,125,22,22,55,66,109,13,115,46,64,17,16,1,94,48,35,74,23,0,114,17,392,115,30,85,93,79,43,102,87,79,217,236,55,16,93,21,107
ENSG00000169249,2,3,27,13,11,1,0,1,3,4,30,1,9,0,1,11,11,8,0,0,0,0,0,16,4,6,4,0,1,15,3,0,7,0,2,3,2,0,12,2,15,1,8,26,1,2,23,4,4,0,2,0,0,2,4,4,12,14,0,11,0,7,20,9,7,14,7,14,17,0,0,21,21,0,23,0,8,2,8,26,12,16,2,18,7,0,0,5,0,0,3,0,7,9,9,5,0,8,0,3,29,6,5,14,12,1,9,9,1,2,8,10,10,1,10
ENSG00000147130,6,12,24,36,13,21,4,23,32,9,11,7,22,30,0,15,15,22,8,2,10,14,12,11,10,7,7,0,0,23,12,5,0,7,9,12,17,21,17,0,46,9,38,30,2,0,10,8,7,0,19,7,3,9,9,20,16,13,4,4,3,12,35,17,25,6,22,31,8,4,2,6,12,10,21,18,7,4,3,51,28,22,7,38,21,3,5,13,0,0,4,0,3,6,7,8,1,11,17,42,6,24,15,41,19,25,15,34,17,16,10,11,3,11,22
ENSG00000147133,18,22,26,11,50,11,29,32,54,72,27,15,34,8,2,29,31,28,15,25,9,6,0,25,3,32,7,9,21,35,3,22,16,19,13,66,17,8,23,0,25,19,59,60,4,0,38,29,24,9,9,0,2,43,4,44,4,12,46,22,2,28,62,20,19,29,14,49,27,3,5,4,34,24,5,29,8,29,25,103,57,36,48,53,25,15,8,18,0,0,11,8,27,5,29,26,24,15,49,12,62,22,81,30,40,41,19,46,21,21,32,22,20,15,35
ENSG00000270641,85,44,45,30,54,61,110,109,109,72,47,42,87,9,33,58,81,37,55,36,76,32,6,23,68,57,19,18,22,89,32,29,15,21,33,58,17,63,28,37,60,33,98,82,39,11,78,40,13,11,19,41,7,54,18,16,21,11,36,43,14,62,106,89,59,52,72,68,94,39,7,0,38,2,6,49,55,40,20,163,75,57,51,133,61,13,15,48,32,76,13,16,1,3,26,49,40,43,73,80,53,72,100,76,73,39,77,115,25,54,111,106,25,46,44
ENSG00000165240,22,21,12,31,35,26,36,28,35,52,18,7,35,3,2,22,15,12,8,1,7,30,1,0,7,9,14,0,3,27,6,11,11,14,9,23,1,15,13,2,15,20,39,28,39,9,36,15,12,0,1,4,0,16,4,19,17,38,6,17,4,25,15,32,29,23,20,36,23,5,9,2,20,23,1,6,9,0,20,40,41,39,16,50,25,24,5,12,0,0,9,3,4,4,9,12,22,6,17,44,6,20,46,32,42,39,19,33,7,28,20,36,1,15,27
ENSG00000166432,27,26,21,25,23,2,22,8,4,74,47,4,39,20,16,18,18,15,14,18,9,1,1,1,24,1,0,0,2,34,10,2,8,6,15,30,9,8,27,1,14,1,14,13,0,19,10,18,5,0,6,8,2,9,0,23,5,4,8,21,0,24,58,37,10,28,6,22,19,1,0,1,5,14,4,1,23,3,9,53,32,63,41,48,20,6,8,6,0,0,0,4,6,4,4,16,11,19,1,22,19,39,4,27,12,20,12,41,7,22,19,30,22,13,53
ENSG00000101844,3,5,5,10,11,0,17,14,1,7,13,2,27,2,1,10,8,4,2,5,1,21,0,0,7,7,0,0,0,10,2,1,0,9,2,24,2,2,21,5,15,15,25,3,2,0,8,1,0,0,18,0,0,11,0,0,3,10,0,6,1,10,12,62,20,11,4,23,4,0,1,0,22,2,0,2,0,9,1,19,0,26,9,9,15,9,0,0,0,0,3,8,0,8,3,0,10,12,14,21,22,3,26,13,5,6,11,13,5,24,1,6,5,18,20
ENSG00000156709,16,10,16,7,12,5,6,23,5,1,12,19,15,0,1,16,14,17,0,10,0,0,0,3,25,1,1,0,0,8,3,1,11,7,2,21,5,10,1,0,24,1,17,5,5,1,11,8,14,0,0,4,0,2,0,12,1,9,1,12,2,9,15,17,18,5,9,29,11,0,0,0,3,1,0,1,5,22,0,20,28,36,13,16,6,1,4,5,0,0,1,0,3,3,6,12,8,8,9,6,7,13,20,9,7,14,13,5,2,3,23,19,11,6,10
ENSG00000155959,10,6,4,7,8,0,3,2,3,0,11,5,7,2,12,1,3,11,1,2,1,0,0,0,0,3,14,0,0,3,2,0,1,4,1,6,8,0,0,0,6,1,4,6,0,0,2,0,1,0,0,1,3,1,0,7,0,5,2,3,0,8,2,9,0,15,8,9,6,0,2,0,13,1,0,0,4,4,1,15,21,6,0,14,1,0,0,3,0,0,14,0,0,6,7,2,0,2,24,2,0,6,20,8,6,6,2,19,11,0,6,5,0,0,2
ENSG00000155189,27,17,12,6,19,4,26,21,12,31,20,19,31,5,8,44,2,9,3,10,8,0,51,2,16,22,18,2,12,33,14,2,22,11,17,20,10,10,3,3,19,9,10,12,3,3,23,24,17,0,3,1,0,23,3,28,14,1,6,5,17,24,13,9,18,16,12,26,12,6,0,1,15,5,20,22,7,11,21,19,24,25,10,24,21,3,6,15,0,7,10,0,2,3,23,15,6,22,0,14,4,4,16,10,15,8,17,19,0,21,20,20,3,13,7
ENSG00000147416,12,10,11,23,24,30,16,29,14,57,15,22,56,27,1,38,9,28,8,8,4,5,1,2,19,24,27,22,15,58,13,4,47,14,41,6,15,29,12,6,23,18,32,34,37,23,35,36,27,3,4,5,22,32,21,10,12,4,13,25,2,27,41,16,30,20,5,19,40,54,0,7,46,19,2,0,36,9,15,48,11,34,18,25,31,15,17,21,1,0,10,10,7,3,13,20,7,17,39,33,18,47,56,20,67,24,16,23,9,13,14,23,20,16,25
ENSG00000147439,9,15,1,12,3,16,16,30,14,6,23,16,27,1,0,12,6,8,3,12,0,2,4,6,12,23,19,12,2,47,8,13,23,8,6,19,16,3,5,45,0,16,25,7,10,11,8,6,5,0,29,0,10,23,22,11,7,12,6,4,0,15,10,1,5,9,21,26,11,1,1,15,10,3,0,2,19,3,8,24,13,13,14,25,20,7,11,3,0,1,27,1,6,1,5,17,4,18,31,11,0,18,10,2,22,10,2,6,8,11,8,4,8,4,10
ENSG00000165392,20,17,20,16,15,17,11,2,11,29,20,18,38,20,2,48,20,11,11,5,5,1,36,32,9,13,5,0,6,21,26,48,22,18,19,9,17,15,21,0,58,17,12,12,5,9,44,17,6,4,5,44,34,13,8,24,10,10,1,4,13,25,20,21,26,11,19,9,37,2,4,1,16,5,2,18,30,16,18,22,21,20,8,32,46,28,7,14,3,0,0,18,15,5,7,27,19,28,2,15,3,17,18,18,7,18,25,32,9,11,63,42,6,12,29
ENSG00000129691,22,29,32,19,19,19,4,11,6,8,22,12,44,17,8,33,17,32,5,15,4,7,19,13,15,34,10,8,0,41,6,7,23,12,16,8,17,17,10,5,25,17,17,21,35,9,17,13,17,0,15,8,3,10,7,12,6,5,12,10,17,12,16,9,17,24,33,25,9,6,1,0,9,7,10,1,30,6,16,56,32,47,6,30,25,6,22,31,0,1,15,12,21,6,23,20,6,15,1,6,15,8,28,20,9,18,6,16,23,7,23,12,9,16,13
ENSG00000070718,13,5,11,14,6,15,16,21,19,8,16,17,43,14,24,42,21,9,5,15,18,11,3,1,24,11,7,11,7,37,18,6,34,10,9,26,2,3,19,0,42,17,18,11,10,2,19,14,24,1,13,0,0,4,0,24,5,12,2,14,11,31,15,10,13,22,55,40,13,13,7,0,39,55,3,45,8,4,19,54,61,22,30,28,41,18,2,16,44,0,11,2,7,12,11,21,5,23,2,7,21,23,27,12,14,8,14,14,4,6,35,15,18,30,12
ENSG00000047249,8,12,14,8,14,13,28,10,18,32,16,11,26,41,28,24,19,0,4,3,3,0,5,10,29,18,10,2,0,39,20,2,15,12,40,15,10,7,9,2,25,10,0,16,16,6,15,25,9,0,17,0,8,18,3,20,11,28,0,1,14,12,3,41,24,17,24,17,16,14,0,3,21,5,0,4,5,7,7,40,43,53,7,29,24,4,21,3,1,0,9,9,10,10,23,24,15,15,0,4,39,29,24,23,1,22,11,20,12,17,22,13,4,16,25
ENSG00000147601,21,15,10,26,34,10,5,21,12,2,42,11,44,6,19,44,12,27,2,19,9,20,17,24,35,22,8,4,2,42,18,19,7,17,25,15,3,25,22,0,16,15,31,27,16,10,23,64,4,4,30,0,3,13,22,11,16,0,19,18,12,14,63,26,16,29,35,39,15,14,12,2,19,42,9,40,33,13,17,40,26,40,27,60,55,21,20,14,0,0,20,12,3,0,10,10,17,23,29,23,28,46,20,31,6,16,31,14,13,19,32,34,15,19,42
ENSG00000123124,2,15,10,36,18,11,9,29,28,37,23,7,44,34,6,46,13,5,9,7,14,36,3,2,2,18,16,27,1,34,24,14,20,16,19,15,0,10,10,0,22,12,23,18,3,6,23,37,6,0,1,0,86,4,10,18,7,10,3,9,1,48,11,14,7,11,12,46,45,10,17,10,26,10,1,3,12,11,9,29,28,27,25,20,41,16,7,8,0,0,11,7,7,16,34,13,29,12,2,44,34,24,27,24,10,25,8,23,5,1,16,10,19,21,16
ENSG00000156467,12,30,26,20,27,23,32,30,22,66,15,22,53,40,5,53,26,12,12,37,27,6,10,47,17,19,6,27,37,50,7,3,18,19,18,41,5,19,40,3,49,16,34,26,40,13,19,28,14,21,2,19,6,9,5,22,12,14,24,19,9,12,47,9,10,66,38,36,43,1,0,9,30,51,17,12,27,20,22,62,13,9,29,55,51,14,9,7,0,0,30,20,13,25,15,34,26,27,52,10,19,46,32,21,39,21,6,24,15,12,48,44,21,8,20
ENSG00000164924,40,26,3,22,23,39,31,22,15,18,15,26,50,10,11,58,20,10,16,7,22,0,0,39,27,18,27,35,9,43,3,7,28,13,56,68,13,67,8,23,46,19,28,52,3,42,21,37,17,21,24,91,215,23,11,52,15,1,9,8,2,12,19,4,48,37,15,24,24,22,41,26,33,22,0,4,6,30,11,42,31,50,64,37,39,13,13,8,0,131,11,36,25,6,24,18,53,16,32,25,30,25,8,17,11,51,22,26,32,48,47,32,22,24,26
ENSG00000165156,14,28,31,19,9,14,8,13,7,28,28,20,36,13,16,40,15,11,25,7,24,6,4,31,25,16,4,0,0,31,5,8,35,5,11,10,3,24,36,0,13,8,12,14,8,7,30,14,11,2,3,0,33,42,22,15,8,0,10,11,10,27,46,9,39,6,2,20,19,19,10,14,25,41,7,2,22,5,8,61,24,18,0,35,28,27,8,3,0,0,2,15,14,2,22,23,33,25,10,25,31,36,46,12,16,19,10,25,0,17,24,17,1,1,17
ENSG00000197579,10,1,5,8,3,10,7,19,9,5,28,8,21,8,12,26,4,15,3,1,3,2,1,1,4,9,4,0,10,25,18,5,6,11,11,5,0,7,13,1,5,0,20,11,2,0,15,22,5,15,6,2,14,11,10,10,2,1,18,2,9,10,13,18,22,13,5,5,4,6,11,1,30,5,39,1,22,12,8,12,5,25,2,12,16,13,7,0,0,3,13,0,2,11,3,22,10,22,0,16,26,8,18,7,16,21,1,20,6,1,8,14,3,9,0
ENSG00000137074,3,7,10,15,10,18,23,17,13,8,1,9,18,0,1,28,11,4,0,5,13,1,3,15,3,8,17,9,0,24,2,0,7,11,5,20,19,2,6,0,3,11,14,14,1,15,13,18,1,0,2,0,0,10,1,24,3,18,0,6,2,13,14,22,9,9,2,6,5,0,20,2,13,3,23,0,9,11,10,40,20,11,5,22,31,7,6,4,0,0,0,16,10,3,10,13,12,23,13,23,11,9,7,7,10,20,7,13,7,9,18,23,21,10,19
ENSG00000165280,11,12,7,27,20,5,12,29,20,17,20,7,36,22,3,21,20,3,16,18,11,6,0,11,22,14,5,11,14,39,8,28,14,20,30,28,18,18,14,3,27,5,13,19,5,9,11,29,13,1,26,0,10,8,2,17,16,5,1,10,0,26,36,10,16,2,13,11,19,6,2,4,16,26,8,6,23,12,11,46,29,11,10,32,16,12,9,11,123,1,4,4,9,2,19,23,28,27,10,15,11,25,3,11,12,8,16,26,3,3,1,27,4,30,16
ENSG00000198722,19,38,20,38,26,27,15,19,17,39,40,6,55,32,2,42,8,16,21,24,26,9,9,21,25,21,21,0,2,55,18,3,25,22,23,27,23,22,38,5,61,3,17,37,6,14,50,38,10,0,28,57,2,30,31,25,13,16,10,11,24,28,37,22,19,32,44,27,29,2,0,0,42,19,16,73,22,40,22,63,23,42,27,63,35,20,16,17,0,0,55,8,10,23,11,33,21,20,11,26,24,58,23,25,22,26,31,29,4,53,49,36,12,34,32
ENSG00000136936,2,6,2,25,4,10,0,1,5,9,2,0,20,2,0,8,1,0,3,0,2,13,3,0,4,2,1,0,15,16,14,0,20,5,0,15,0,1,12,0,2,9,4,4,0,0,3,27,0,0,23,8,0,7,1,2,0,0,3,2,0,0,1,7,4,5,0,6,24,0,14,0,0,25,2,7,5,0,8,12,5,9,4,4,12,11,1,0,0,0,8,2,1,0,3,10,0,11,8,0,11,9,0,12,8,13,11,8,4,7,13,4,1,8,2
ENSG00000165029,17,19,26,41,38,24,80,17,39,48,47,50,83,32,18,59,27,22,15,41,24,6,10,78,61,21,32,15,12,99,74,24,42,35,47,59,17,22,20,20,84,22,36,56,13,10,43,46,5,17,41,3,12,26,9,86,15,24,27,22,54,29,43,15,30,65,37,76,47,9,5,12,35,52,64,21,15,47,52,102,30,30,44,65,81,39,34,23,60,0,23,9,21,8,22,42,51,35,77,33,56,41,66,35,15,27,33,61,21,24,78,33,36,38,19
ENSG00000070214,31,19,36,14,64,25,42,18,22,40,28,51,87,44,4,60,32,12,11,11,27,52,43,21,69,25,16,16,35,56,36,23,27,33,24,46,21,24,5,3,53,11,53,43,5,53,73,59,18,10,14,20,1,79,7,73,28,30,29,13,22,57,98,30,35,39,13,52,63,18,7,45,53,57,19,50,23,10,42,104,36,44,47,73,44,22,14,18,0,37,22,15,21,7,24,41,58,9,39,61,17,64,58,22,31,50,36,41,10,11,67,43,36,37,45
ENSG00000130707,2,5,2,5,7,9,2,14,12,9,25,14,18,26,11,13,15,13,0,4,4,5,0,1,2,8,6,6,4,23,5,10,6,5,14,13,15,1,5,0,8,5,6,14,0,16,2,10,9,4,7,1,4,1,5,22,2,6,1,2,1,20,3,19,13,16,3,19,9,12,7,1,2,2,2,3,15,10,13,22,15,8,11,4,1,14,11,3,0,2,5,6,2,1,1,7,2,11,0,18,4,17,9,8,17,7,5,5,7,2,18,3,2,3,12
ENSG00000097007,5,11,5,12,6,0,16,28,10,5,23,31,59,40,7,30,8,16,10,4,17,5,6,10,5,28,12,2,16,40,19,9,20,4,33,17,9,24,10,5,33,14,2,15,2,26,6,28,8,0,4,21,1,15,3,30,8,5,0,10,6,9,13,19,19,31,17,33,5,11,3,7,38,5,2,19,5,1,29,49,19,37,16,31,37,30,12,6,0,0,7,5,1,4,10,13,19,10,11,9,27,5,26,17,15,9,16,35,7,7,18,23,2,2,10
ENSG00000165699,32,15,32,31,40,16,17,30,32,10,32,43,85,30,36,62,33,19,16,16,5,116,38,11,27,36,27,34,11,71,22,10,28,21,42,40,0,28,41,37,22,9,28,43,10,20,30,45,8,23,36,16,1,17,12,53,17,9,22,26,15,41,64,16,31,37,11,36,43,0,27,3,14,52,14,2,30,29,35,66,52,21,17,59,45,48,21,32,1,12,26,22,30,8,21,25,45,59,23,33,24,67,77,42,32,19,50,56,12,21,33,32,8,15,21
ENSG00000169925,17,9,13,5,10,7,31,39,9,29,13,23,35,7,19,41,9,37,16,2,5,9,6,7,23,13,16,4,14,42,11,8,14,8,18,11,5,21,4,4,14,1,15,14,3,4,14,12,3,0,9,2,1,7,10,19,11,16,7,12,3,35,32,18,37,14,6,22,34,13,1,1,26,13,10,2,10,12,4,40,29,77,1,59,23,10,11,6,6,0,11,16,21,2,9,15,31,24,9,12,33,24,29,15,5,20,8,23,9,7,22,14,15,4,13
ENSG00000196363,4,8,14,5,15,5,27,7,18,21,29,28,19,4,10,15,11,0,1,6,6,13,1,0,4,13,11,0,11,13,2,4,7,6,12,13,6,7,2,0,4,0,28,11,14,12,6,20,7,0,27,3,5,14,2,2,13,7,5,13,1,11,24,7,3,8,23,8,3,5,5,0,8,10,1,2,19,6,7,31,13,33,18,25,19,1,12,2,0,15,15,9,0,2,8,9,7,23,0,20,7,8,11,1,10,1,3,8,6,14,1,24,8,9,30
ENSG00000169692,0,3,1,10,6,2,1,4,9,2,0,3,16,1,1,8,2,1,3,4,1,0,1,0,13,8,1,0,2,6,2,6,4,5,15,22,0,0,2,2,1,0,5,1,1,0,0,10,0,0,2,2,0,0,0,19,8,0,0,2,1,1,6,3,2,0,0,2,3,0,0,8,0,0,3,0,7,4,0,21,24,12,6,5,8,18,1,0,0,3,0,5,0,0,0,7,11,4,14,0,5,2,1,6,12,2,6,2,2,5,7,3,0,0,3
ENSG00000176248,22,6,18,14,15,12,20,17,6,6,5,10,38,16,2,23,5,3,19,10,11,7,0,1,3,14,8,0,0,34,10,14,38,1,19,10,4,9,10,9,20,30,20,9,2,5,13,15,4,10,5,0,0,21,2,17,19,10,16,13,0,10,1,6,4,69,5,9,9,2,32,1,18,24,9,0,13,16,7,50,25,9,36,39,17,8,16,7,6,0,1,0,3,9,4,10,16,16,4,12,20,15,5,24,14,4,5,3,14,9,25,5,7,11,14
ENSG00000177156,6,9,14,3,12,4,2,15,6,9,8,5,24,2,15,11,5,6,6,6,8,24,3,13,5,19,0,0,0,28,23,2,13,4,13,2,0,15,11,0,5,0,4,16,6,0,5,19,7,0,8,0,37,3,5,11,9,0,6,1,3,24,11,1,5,2,11,15,13,7,0,1,5,23,1,48,13,7,5,42,27,6,5,21,20,7,3,5,0,0,1,1,1,0,2,1,7,4,2,0,3,37,1,12,6,18,10,16,7,4,7,7,12,2,4
ENSG00000166402,5,0,15,19,22,11,20,22,3,16,4,18,24,14,9,30,6,19,31,10,2,2,7,2,15,8,1,7,4,28,14,3,13,17,38,13,14,5,12,32,12,11,23,10,14,6,6,7,6,3,7,17,25,21,6,24,16,12,0,10,7,24,14,10,10,9,8,17,21,9,0,11,23,7,10,0,4,14,16,59,7,12,10,48,18,19,10,18,0,0,4,18,13,7,3,11,10,6,13,12,7,36,18,26,8,21,3,18,8,17,6,19,2,6,6
ENSG00000175220,4,24,14,23,24,9,4,22,6,43,1,16,26,21,17,15,6,5,26,7,9,1,3,16,32,13,11,8,11,37,18,14,35,14,12,15,20,12,5,14,51,33,18,22,2,19,16,18,14,2,17,11,23,17,1,8,13,12,4,16,23,12,23,3,27,27,7,12,21,10,4,0,26,7,25,4,10,15,20,35,31,13,47,38,35,16,6,21,1,0,1,0,15,3,8,14,19,19,15,5,14,14,28,27,9,5,19,18,5,18,36,33,5,14,15
ENSG00000168000,1,0,2,13,2,8,0,19,3,3,19,5,11,8,3,22,1,3,2,1,1,15,0,0,3,13,0,6,0,6,3,2,8,8,2,4,17,0,1,1,0,5,11,8,6,5,13,14,4,5,9,0,0,3,0,4,3,0,0,10,9,2,1,0,5,3,1,2,0,9,0,0,2,0,2,7,4,2,1,14,23,8,12,8,8,10,2,1,0,0,0,8,0,0,5,9,10,19,2,10,7,0,2,1,0,13,5,10,2,12,6,12,1,18,3
ENSG00000172757,3,13,6,22,10,9,8,21,26,14,1,14,43,22,12,17,7,14,4,10,3,2,17,19,10,22,13,5,19,33,13,26,11,4,32,9,0,20,3,3,3,8,30,6,6,5,10,21,8,1,3,15,30,2,23,14,3,22,0,5,5,13,28,19,6,28,7,20,14,12,2,3,28,17,5,1,6,21,19,31,19,6,13,47,21,10,13,3,5,2,12,13,2,8,3,5,16,19,36,14,12,11,7,14,16,7,12,16,0,7,6,10,7,6,7
ENSG00000175602,3,1,3,0,1,0,1,5,2,1,1,4,9,7,6,6,7,13,0,2,8,0,0,0,0,5,9,17,3,5,2,4,2,2,7,3,7,1,1,0,13,1,2,3,0,0,2,3,1,0,2,0,0,1,0,0,7,1,0,1,4,0,5,0,6,16,13,10,0,2,3,0,0,10,2,0,5,6,0,15,10,9,4,8,11,0,0,0,0,0,0,0,0,3,1,0,0,3,29,0,11,12,5,1,0,6,4,4,4,0,0,2,1,9,7
ENSG00000175334,2,17,6,2,0,6,2,0,23,2,4,1,9,3,0,12,4,1,1,0,1,7,0,1,0,0,0,13,0,11,0,5,2,1,0,0,0,3,2,0,2,3,9,2,0,0,7,0,0,0,7,49,0,1,0,1,0,0,0,3,6,1,0,0,9,4,10,8,3,0,0,0,6,0,0,0,0,8,2,32,0,15,0,4,2,3,0,0,0,0,10,0,0,0,5,8,0,4,3,6,21,8,0,3,1,4,3,1,0,0,0,2,0,0,1
ENSG00000175567,6,0,8,23,20,4,4,19,19,13,31,6,24,4,0,19,8,9,2,14,28,23,24,2,3,16,16,18,1,27,22,9,5,5,12,23,33,1,11,0,0,21,8,13,3,10,4,16,8,0,24,2,3,17,1,26,6,1,4,9,5,12,0,5,3,3,3,29,18,0,28,5,14,6,14,2,12,11,6,42,26,34,14,17,30,0,3,9,0,4,0,4,6,4,7,2,30,22,8,1,5,2,7,9,16,16,24,7,8,5,17,17,5,5,15
ENSG00000137486,17,19,16,9,17,13,9,35,12,24,18,16,36,24,10,31,4,11,3,4,22,8,1,2,3,8,31,5,1,29,25,7,15,19,25,14,3,12,16,0,18,9,21,16,12,4,18,20,3,8,16,1,16,30,20,22,15,9,40,7,0,6,21,27,25,3,16,24,9,5,17,7,49,36,8,4,1,49,7,50,18,22,25,36,16,5,8,12,0,0,6,1,4,20,15,27,15,16,1,2,7,40,31,18,12,13,13,14,8,16,3,32,8,13,18
ENSG00000078124,25,10,16,33,22,16,49,25,25,31,5,21,57,74,20,50,19,23,9,4,19,8,0,18,13,27,34,20,19,49,11,13,32,21,20,56,10,25,16,1,13,5,18,33,16,10,32,33,13,2,9,16,34,34,15,48,7,10,15,34,4,23,38,33,46,33,26,24,37,39,0,4,43,8,1,46,29,16,13,60,42,21,19,54,48,23,13,4,0,2,1,14,25,7,38,49,14,16,56,38,14,46,26,14,19,30,38,15,24,6,13,27,26,17,24
ENSG00000166575,11,2,1,5,29,18,11,11,34,23,15,13,21,23,12,21,2,2,13,22,9,28,0,1,19,2,6,0,7,24,17,11,25,12,18,19,3,8,7,0,6,4,30,17,14,7,33,12,34,44,10,0,10,16,13,6,13,24,1,3,0,13,27,24,12,18,21,15,20,13,4,2,0,42,3,0,2,11,10,33,11,14,10,25,25,3,5,19,0,3,0,11,7,2,8,19,28,19,10,23,5,21,6,11,16,6,0,12,14,5,5,28,10,5,10
ENSG00000137760,11,0,10,19,16,16,14,12,14,6,5,15,33,17,9,22,8,7,4,8,22,0,20,15,12,11,19,11,6,37,2,11,2,3,21,6,12,11,4,1,40,4,14,19,0,18,16,30,1,20,3,0,0,11,1,19,25,19,0,15,0,17,47,22,4,16,0,34,16,15,5,6,10,34,7,0,26,9,13,19,2,15,9,19,34,17,2,5,0,46,5,3,2,0,23,9,7,14,0,10,25,21,41,11,11,16,7,29,1,7,10,6,13,26,8
ENSG00000075239,8,5,4,17,16,23,16,23,24,12,25,17,48,6,25,25,9,20,8,11,18,0,13,8,0,12,14,2,5,31,27,10,25,5,4,10,7,6,10,43,10,18,23,41,6,15,37,37,11,0,22,8,0,12,44,20,2,9,1,13,7,11,43,7,9,22,7,25,26,4,3,0,19,18,10,3,24,6,7,36,33,27,4,20,31,30,10,18,0,0,17,17,7,8,23,13,13,16,3,4,26,3,14,21,17,15,23,21,9,12,17,40,20,0,9
ENSG00000149311,52,50,81,45,91,79,96,105,59,98,64,75,123,114,38,174,54,42,51,55,34,84,98,52,38,74,14,26,28,124,59,66,91,45,92,59,67,39,52,5,83,39,93,74,14,50,124,89,22,21,90,27,56,83,60,84,48,66,35,46,25,69,114,94,75,124,32,117,65,49,48,65,127,50,42,2,66,84,64,165,184,102,97,155,107,72,55,46,0,0,15,34,46,30,55,101,58,79,31,60,95,73,116,74,61,68,38,87,41,61,66,67,38,69,96
ENSG00000086827,4,10,1,13,9,10,7,12,44,15,2,4,28,5,0,13,14,16,0,3,27,9,2,7,16,11,3,1,0,19,17,17,11,2,4,3,1,1,11,10,8,6,17,14,19,3,17,15,5,1,12,0,5,10,0,33,2,1,0,14,4,27,18,3,4,33,1,17,24,9,3,0,6,3,0,2,7,5,3,21,22,9,15,20,13,16,10,0,0,0,2,0,12,4,9,9,4,5,1,4,18,17,20,9,1,5,15,14,9,0,10,13,0,0,10
ENSG00000109956,13,18,24,20,22,14,18,41,29,8,21,18,44,44,28,28,13,24,27,14,20,47,6,5,39,11,5,1,2,64,26,15,16,13,33,28,6,30,10,2,29,17,46,31,11,21,15,30,19,6,28,5,1,24,14,51,18,6,3,25,10,37,15,10,48,15,10,41,22,8,31,4,20,48,24,10,31,36,11,60,12,5,26,51,45,20,26,20,2,5,11,14,5,5,29,29,27,29,36,11,64,44,27,14,16,26,16,54,13,27,14,24,23,18,22
ENSG00000015171,5,8,13,17,9,17,15,24,9,38,26,12,38,4,5,48,10,24,14,7,17,31,5,4,12,16,27,3,0,21,7,13,47,14,23,12,4,29,3,0,12,0,25,17,9,1,7,15,3,34,8,13,5,5,3,28,14,2,4,14,12,22,11,23,11,22,9,19,16,1,21,0,27,29,4,2,19,18,7,27,14,7,15,27,21,28,29,3,0,0,6,2,24,0,14,14,19,15,9,58,35,13,32,23,21,21,18,12,7,26,19,23,6,20,36
ENSG00000151461,27,3,20,18,38,12,8,21,14,26,8,21,35,44,4,33,6,16,15,21,10,16,1,21,10,5,18,3,6,37,11,10,25,11,17,30,14,26,24,13,43,2,5,42,12,11,27,23,10,0,5,7,35,25,9,29,8,3,5,23,1,28,36,42,19,15,7,40,27,20,21,1,19,6,28,1,10,10,15,37,33,34,31,52,46,29,22,38,0,4,7,15,0,1,18,26,13,36,39,13,12,1,19,19,32,15,10,26,6,3,19,9,16,3,31
ENSG00000107614,30,16,38,32,37,7,50,33,27,48,17,37,62,29,49,91,23,34,26,21,18,18,2,38,38,41,37,0,24,69,52,34,16,37,37,34,5,9,26,62,22,5,31,18,32,7,29,40,1,0,12,1,4,34,32,33,10,3,23,21,14,21,63,18,33,61,21,52,51,19,14,30,60,17,10,97,30,27,20,68,43,43,18,37,44,29,11,15,0,9,27,20,27,15,30,48,29,50,36,35,21,64,17,22,32,21,16,26,26,20,47,22,22,45,66
ENSG00000165309,21,18,26,19,17,21,66,31,45,19,20,44,40,32,20,59,21,20,7,5,17,10,3,19,32,35,7,3,11,44,18,71,12,14,31,33,19,11,28,1,26,18,35,38,6,14,43,50,17,5,14,36,10,32,19,24,13,1,4,16,6,22,26,45,41,6,14,26,29,11,48,19,40,39,5,21,22,15,34,57,62,27,15,29,37,47,13,28,0,0,13,15,13,18,5,19,33,44,1,41,38,35,16,8,12,10,22,40,17,27,25,47,17,22,52
ENSG00000122952,0,13,9,2,5,2,0,5,1,1,0,2,20,10,4,7,0,1,7,0,7,9,0,7,11,3,0,6,1,10,2,1,3,7,4,4,3,13,3,0,7,2,2,2,4,0,1,7,0,54,0,8,3,1,8,15,3,5,0,2,0,1,7,5,1,7,5,12,10,4,20,0,2,24,16,0,8,2,2,18,12,6,15,11,11,25,2,7,0,0,5,3,8,1,9,5,4,10,3,10,5,13,3,13,6,4,8,13,6,7,4,24,1,1,6
ENSG00000072401,16,3,11,0,8,2,17,6,17,7,15,27,11,9,0,37,9,4,5,7,15,13,3,5,6,0,2,0,1,8,13,6,7,6,14,6,0,0,0,3,9,10,1,13,27,6,4,16,2,0,5,3,0,39,14,10,3,10,1,13,0,17,39,16,7,2,10,30,4,14,5,0,8,3,0,0,10,19,0,17,36,1,4,16,15,3,6,3,0,0,0,3,0,5,0,3,16,12,2,20,2,4,11,3,2,8,7,35,4,6,19,3,0,0,8
ENSG00000138326,13,7,14,18,16,7,25,26,9,20,2,15,53,40,2,20,9,7,3,6,19,5,1,28,26,27,9,1,16,40,26,16,15,14,16,9,7,30,13,0,7,9,22,8,13,17,11,17,26,1,5,11,75,25,1,39,0,11,5,6,14,17,48,9,2,51,15,17,3,5,11,5,63,11,2,42,12,40,9,56,15,43,16,44,29,17,15,25,0,11,16,3,2,14,14,21,11,31,25,29,20,5,42,17,24,2,27,41,12,9,14,19,27,7,19
ENSG00000108175,17,9,19,46,23,21,44,31,40,6,25,32,56,11,26,53,15,19,13,34,26,4,16,18,25,52,23,19,10,55,12,1,34,20,32,47,29,40,10,10,33,19,16,32,8,32,47,37,8,63,37,2,3,28,6,36,35,19,8,23,5,26,28,53,38,43,43,21,35,9,14,14,45,23,16,11,18,23,13,66,50,44,13,55,28,20,9,34,0,3,10,22,8,18,28,33,38,13,44,26,53,30,60,33,23,17,17,40,19,10,21,36,18,34,37
ENSG00000107779,24,13,18,62,48,36,28,26,18,33,47,45,54,32,17,68,33,12,27,17,40,31,13,7,15,32,10,0,11,62,19,31,27,14,35,50,38,11,10,3,63,22,32,32,6,15,45,43,22,2,24,10,8,50,31,47,41,10,11,9,13,31,45,14,27,27,12,29,40,53,0,8,24,22,6,1,23,27,29,60,19,29,23,48,59,12,12,10,0,5,12,36,20,8,13,15,17,26,34,41,39,67,99,24,6,29,16,33,17,29,18,36,36,17,27
ENSG00000155256,8,4,11,10,17,4,13,6,21,0,8,13,38,37,20,13,18,9,13,5,12,12,26,23,13,5,16,7,0,29,5,9,10,3,11,3,8,6,9,7,39,0,31,16,1,4,19,15,13,7,8,2,0,10,13,8,8,5,9,4,3,17,7,39,5,8,12,11,9,4,0,7,22,1,6,12,12,7,6,32,30,19,10,21,22,22,20,9,0,3,3,10,10,1,11,8,18,16,53,7,8,60,15,10,7,7,8,47,8,18,17,5,5,4,17
ENSG00000154473,11,33,8,23,21,22,13,14,12,45,13,20,42,15,13,42,10,18,17,10,15,14,7,15,23,21,19,1,0,37,12,14,17,18,34,36,19,19,11,22,36,31,11,10,43,0,27,19,2,7,3,9,6,42,9,19,12,1,21,17,4,45,43,27,21,26,10,53,19,2,5,8,28,35,6,9,21,31,3,64,20,27,22,32,32,42,10,28,0,0,30,10,6,22,18,17,21,20,1,27,23,50,41,24,11,36,21,45,5,38,16,14,23,40,9
ENSG00000019995,2,0,4,22,9,14,10,27,13,8,19,16,12,7,32,15,11,1,0,3,2,14,28,23,2,3,0,20,22,21,5,0,14,3,8,16,5,4,1,1,3,1,2,0,0,5,8,5,0,0,0,0,20,3,4,2,0,2,0,0,0,5,3,4,3,8,6,15,11,0,16,0,0,6,1,4,10,3,17,26,7,1,9,23,14,2,2,11,0,154,8,0,0,2,3,1,17,2,0,16,2,12,28,4,4,9,10,9,2,8,6,6,2,9,4
ENSG00000159335,2,6,1,19,7,3,28,8,2,0,2,3,11,21,1,8,4,10,16,1,4,1,0,0,0,1,0,0,0,13,1,1,8,0,11,1,0,3,0,0,2,1,4,5,0,0,0,6,0,0,1,1,0,2,0,14,2,1,0,8,4,16,11,0,11,15,12,8,1,3,0,0,1,0,11,0,11,2,7,13,0,2,20,4,6,0,2,12,0,0,5,0,0,0,6,5,6,2,0,9,7,2,11,4,3,1,0,7,3,2,4,7,7,1,0
ENSG00000111676,19,5,6,11,14,13,19,20,28,1,9,4,19,3,2,10,8,9,4,9,6,11,16,0,29,19,7,32,2,15,4,1,14,4,19,15,6,5,21,7,6,7,23,17,3,6,9,16,18,0,14,6,24,13,11,0,14,1,12,7,0,4,44,11,16,6,5,3,11,5,4,14,30,0,1,2,15,25,22,29,9,1,27,29,29,1,7,7,1,28,4,4,0,1,9,9,10,23,0,4,13,14,21,7,16,3,5,30,11,1,6,5,3,12,19
ENSG00000171681,32,9,27,55,43,35,72,46,39,22,34,56,86,34,26,99,37,20,26,26,28,119,1,39,47,49,17,0,30,67,34,10,58,29,31,25,21,34,54,16,35,14,38,46,55,6,52,64,26,0,23,38,25,64,39,34,38,5,6,17,13,57,24,61,23,71,82,65,23,21,24,7,89,34,9,15,36,38,27,91,42,78,49,84,56,55,32,37,0,0,30,8,43,46,52,41,54,80,21,34,40,59,43,42,50,33,34,38,19,39,32,41,36,50,36
ENSG00000139131,5,4,1,3,8,1,9,7,14,2,8,3,7,10,0,14,13,0,6,16,22,4,17,0,2,2,0,0,1,18,1,1,11,2,4,7,1,4,2,0,10,0,11,6,1,4,4,4,0,0,1,0,0,7,1,3,2,11,3,1,6,11,0,14,2,7,16,11,2,1,0,0,1,0,1,0,1,6,0,28,8,2,9,12,10,0,0,2,0,0,15,7,1,1,2,8,3,9,17,17,17,6,13,2,0,8,3,4,4,0,7,7,0,16,11
ENSG00000184575,18,20,35,30,25,11,29,61,62,25,14,19,47,28,23,44,29,31,17,14,25,31,15,2,24,9,38,21,17,44,10,6,16,16,15,11,16,24,15,1,36,2,11,12,19,10,28,26,27,0,13,7,0,12,10,24,18,28,13,36,26,16,22,27,38,25,24,25,34,24,2,1,16,59,2,21,11,54,8,94,27,39,33,35,56,15,11,32,0,0,24,16,10,22,27,36,22,17,18,24,23,28,70,27,38,21,15,17,10,25,26,31,22,21,25
ENSG00000186908,27,14,10,27,32,9,14,39,25,43,41,29,41,6,9,54,7,15,9,30,18,27,14,17,13,18,50,10,20,35,25,7,46,14,14,29,18,23,34,0,4,5,21,27,5,24,22,15,14,2,22,0,42,22,3,22,20,18,7,2,0,13,37,32,18,21,20,24,24,14,1,2,13,12,5,34,26,23,36,79,32,45,37,39,25,12,5,11,0,0,21,16,8,19,10,35,33,14,18,19,21,12,19,39,33,12,19,24,11,30,23,19,1,41,12
ENSG00000177889,14,7,3,7,13,2,14,35,13,5,5,27,27,6,36,9,9,7,4,9,0,1,3,3,13,2,0,0,0,28,7,10,20,8,11,7,7,0,1,6,2,0,23,0,2,0,13,17,1,0,3,0,9,9,0,0,8,0,2,1,12,0,7,1,18,17,2,16,10,0,0,0,3,9,6,1,0,2,0,22,9,14,2,14,25,8,0,9,51,149,8,0,16,0,13,13,14,9,20,10,1,1,1,2,12,8,7,14,3,0,16,2,2,6,12
ENSG00000196510,8,40,11,9,24,8,11,17,0,4,2,29,45,8,7,18,7,17,14,7,1,27,5,12,16,15,9,31,16,42,10,13,9,11,28,15,20,11,10,14,27,10,26,19,3,3,20,22,1,2,14,8,8,14,42,25,13,7,2,7,1,5,15,24,9,28,18,19,12,9,4,7,43,64,4,4,15,28,8,40,20,43,36,43,14,23,20,15,0,1,17,3,4,3,18,22,7,5,3,9,27,22,23,21,5,19,10,16,6,7,3,16,2,14,11
ENSG00000111275,13,24,25,41,31,19,33,31,7,27,14,10,61,22,37,34,21,19,22,5,8,11,8,23,18,35,6,0,15,54,20,24,13,15,23,19,19,6,29,2,16,7,31,31,17,0,26,24,4,1,9,18,7,27,12,25,20,31,6,10,22,21,26,19,29,33,31,59,20,5,4,14,18,7,16,31,24,18,19,67,17,38,15,37,47,28,8,12,0,0,27,23,15,3,12,29,24,32,1,15,40,43,40,35,33,21,17,31,8,25,27,10,17,9,33
ENSG00000089053,30,37,49,44,32,17,58,38,34,34,42,32,79,50,13,69,41,22,11,6,32,8,6,31,35,25,24,1,2,77,18,51,32,30,27,38,56,46,24,8,57,29,40,43,15,28,40,50,1,0,28,9,24,30,22,65,35,7,8,12,2,53,60,40,42,68,3,40,54,23,8,0,53,42,40,28,18,25,31,69,32,26,33,70,55,40,31,28,2,9,28,1,23,6,33,52,59,56,11,17,67,31,41,37,34,36,18,57,26,15,55,34,35,63,47
ENSG00000139719,29,10,12,19,9,10,26,23,36,19,24,11,24,0,18,29,8,3,13,6,10,4,11,11,5,7,3,0,5,32,0,8,28,13,29,14,8,4,15,0,1,6,3,19,7,1,10,16,12,0,20,33,24,20,0,50,8,0,6,7,14,11,3,15,17,13,10,39,12,14,13,0,22,1,3,16,25,13,4,46,7,13,7,29,28,4,5,9,4,0,2,0,9,1,24,19,12,18,1,3,18,7,12,12,1,6,11,8,10,9,13,16,28,7,19
ENSG00000139722,11,2,3,15,8,1,4,5,20,3,12,6,23,12,9,8,8,6,7,0,8,0,2,1,1,7,4,1,3,25,15,0,5,7,11,9,14,2,12,0,50,3,2,20,0,13,7,12,5,0,11,7,1,5,3,6,12,11,12,0,20,11,4,3,8,22,0,0,5,4,0,0,3,13,4,7,7,7,24,21,17,5,0,25,19,9,5,9,51,0,0,0,4,0,8,14,12,4,0,0,0,9,19,7,9,9,6,8,14,8,4,8,4,0,7
ENSG00000150991,1,1,0,3,7,4,1,7,5,7,6,17,11,2,0,13,0,2,0,0,13,0,0,11,1,1,9,0,1,12,6,10,5,2,8,9,12,3,9,0,14,1,9,10,1,9,5,21,11,0,6,23,13,18,22,15,6,0,0,2,0,12,7,0,0,18,0,14,0,1,2,0,6,7,2,0,19,4,5,21,7,14,16,9,9,26,2,3,9,0,18,6,0,2,2,8,18,7,28,17,1,20,14,8,2,5,7,8,3,21,0,20,10,3,20
ENSG00000132950,0,1,15,3,12,3,9,9,2,19,12,10,14,0,6,46,5,4,0,12,3,6,22,3,1,19,14,0,11,14,6,14,11,3,0,0,0,9,4,11,16,1,23,6,15,2,9,4,0,0,5,7,1,8,0,5,5,15,14,7,0,33,15,18,11,6,16,6,9,4,6,2,19,2,1,4,6,4,3,18,25,21,22,21,17,11,13,13,4,0,0,2,7,5,0,9,11,6,0,13,15,23,1,8,15,8,19,11,9,1,2,3,2,15,12
ENSG00000121741,10,7,28,47,44,33,67,55,49,37,15,46,75,108,17,73,24,14,15,28,11,33,35,24,29,32,31,7,15,82,54,13,68,34,41,36,27,41,29,2,14,2,31,42,9,14,77,56,18,4,41,26,30,35,12,47,28,28,41,30,21,93,24,81,41,32,42,41,33,22,2,3,54,69,9,13,31,25,33,92,41,61,32,81,40,45,18,27,3,0,49,8,24,16,27,37,47,41,23,33,74,34,57,44,21,26,37,24,10,36,45,30,24,34,33
ENSG00000132932,26,7,12,11,24,29,40,31,20,38,22,37,95,31,3,68,25,18,25,33,80,9,2,21,32,38,19,61,28,69,42,15,27,27,32,28,8,3,6,6,26,18,18,37,24,26,23,59,18,47,28,38,7,64,17,43,7,17,18,16,25,54,74,14,31,34,14,66,24,17,17,0,37,51,17,10,31,29,18,68,85,46,35,63,57,28,13,14,0,9,8,33,21,24,20,44,28,34,29,39,33,45,57,54,17,13,28,45,21,37,19,34,12,42,36
ENSG00000120697,3,0,16,0,3,0,0,10,9,24,11,6,19,9,6,19,16,3,2,0,10,4,0,5,14,8,15,1,3,13,9,1,5,3,2,7,5,0,0,0,1,3,9,6,2,0,6,12,7,0,0,0,1,1,23,5,0,12,8,5,0,2,1,4,4,1,13,8,10,5,3,0,31,4,2,3,3,0,16,19,1,3,12,8,16,3,1,4,0,0,4,2,8,0,11,13,12,22,3,1,5,1,24,13,3,12,8,12,3,0,14,4,0,0,3
ENSG00000102804,4,17,17,11,29,25,25,7,19,32,28,37,31,17,17,32,10,14,10,13,7,37,11,9,11,25,7,13,5,51,5,25,22,11,32,38,41,26,23,0,69,10,10,38,2,2,17,23,13,0,8,44,25,27,13,27,31,12,14,8,0,12,19,46,11,15,10,37,11,10,5,25,26,28,1,13,5,20,15,72,31,21,24,54,28,33,16,14,5,0,20,16,8,14,21,17,20,18,3,11,10,40,36,26,13,30,14,52,20,11,49,11,2,13,25
ENSG00000133112,2,18,18,16,30,22,39,27,31,23,14,4,29,39,4,36,16,14,7,11,57,13,8,31,33,32,28,0,8,52,40,1,17,15,34,34,16,23,23,0,42,23,31,16,4,11,27,36,24,4,7,42,51,5,6,22,22,0,10,20,4,11,30,23,13,31,35,31,47,2,2,21,38,15,2,20,23,13,8,46,39,46,35,30,28,22,9,32,14,1,41,17,5,25,27,18,21,23,22,23,14,17,41,29,29,25,21,48,27,16,51,31,31,16,20
ENSG00000136100,6,5,3,8,13,11,19,5,33,10,22,20,25,18,10,39,12,13,14,6,17,39,6,1,20,16,3,5,6,23,12,50,23,24,41,35,5,6,8,31,25,9,12,14,18,2,12,16,24,0,4,10,3,29,16,17,6,15,6,0,9,3,27,2,20,23,19,28,22,3,10,16,6,10,0,4,3,23,10,43,8,0,38,22,14,16,15,6,0,0,19,9,19,1,13,46,2,24,2,24,19,5,13,20,10,12,5,15,5,6,1,7,4,2,22
ENSG00000118939,0,0,5,3,3,3,0,2,0,2,0,11,12,0,0,5,5,15,0,0,3,0,1,0,2,7,0,4,0,5,0,6,5,2,10,0,0,1,0,2,3,2,0,1,0,0,7,5,1,0,1,0,0,18,10,1,2,3,18,0,0,0,2,10,0,0,0,3,3,7,0,0,2,0,0,0,0,0,0,5,0,3,9,3,2,0,6,1,0,0,0,0,2,0,9,4,7,1,0,3,0,0,1,4,7,3,2,1,3,9,0,1,5,5,1
ENSG00000139746,30,15,11,15,36,8,48,26,6,8,12,45,63,46,25,57,33,27,12,19,13,73,32,34,32,15,13,3,2,34,23,30,35,13,32,39,16,17,6,3,7,16,45,36,19,10,33,47,13,17,1,1,22,22,32,28,13,1,14,16,4,24,72,38,25,24,12,17,23,10,21,8,25,28,6,1,10,45,18,64,49,65,47,44,53,28,20,3,0,3,22,15,17,18,10,37,55,19,15,18,45,26,41,47,32,31,15,24,6,19,61,47,14,12,18
ENSG00000134900,6,9,12,24,27,32,41,16,21,37,25,41,24,12,5,41,18,9,15,26,45,7,1,3,39,29,13,10,6,25,13,37,13,9,19,8,21,14,20,12,6,19,21,28,22,12,34,22,9,6,7,18,0,18,1,33,17,9,11,11,13,7,13,18,17,13,76,12,33,10,12,0,56,32,7,4,22,27,16,48,47,5,31,58,29,32,8,20,0,0,31,0,6,20,23,31,21,36,4,32,67,13,27,21,17,12,12,27,5,5,2,23,11,29,34
ENSG00000198176,9,12,18,6,11,2,10,13,3,36,6,21,30,40,15,30,8,3,35,8,15,5,2,6,16,10,3,10,4,36,7,5,33,7,1,12,5,4,10,1,11,4,13,20,10,9,10,28,10,0,1,26,9,6,0,19,6,9,14,4,5,11,18,1,17,1,4,14,10,3,3,19,34,39,29,2,12,23,10,30,12,5,9,22,25,15,13,5,0,0,1,12,0,13,3,9,9,12,7,4,21,3,26,14,12,7,10,33,10,4,24,9,2,4,17
ENSG00000100823,4,4,7,5,0,13,1,4,5,1,2,4,17,0,7,6,7,3,0,0,3,1,0,1,1,0,11,3,3,9,1,1,10,7,18,7,7,1,2,0,1,1,1,7,0,1,4,6,10,1,3,0,0,7,0,12,1,4,0,4,0,0,4,2,0,3,1,12,7,11,0,0,2,2,0,0,10,0,0,30,4,7,6,26,22,1,7,4,0,0,3,0,0,0,1,10,4,15,4,19,32,5,1,8,5,7,7,3,2,4,2,5,0,0,0
ENSG00000100836,3,6,14,4,5,3,37,7,2,14,0,6,19,0,5,9,1,1,12,0,3,0,7,0,9,8,22,1,7,11,3,1,3,5,6,1,1,10,7,5,2,0,2,8,19,3,3,9,1,0,7,0,1,0,12,11,4,0,1,7,0,2,0,0,0,4,4,5,1,0,1,0,2,0,1,0,0,17,8,19,0,10,0,16,5,1,12,2,0,5,3,0,2,0,1,5,9,9,26,4,13,10,14,3,1,9,14,1,5,10,0,6,4,4,2
ENSG00000092330,1,18,7,2,10,1,1,2,3,3,10,3,18,0,0,11,4,4,7,2,17,1,5,13,6,4,2,2,1,22,5,3,4,2,8,11,7,6,15,1,0,16,32,4,0,2,0,7,3,1,13,0,0,20,3,3,8,0,11,6,0,6,1,1,12,12,1,18,5,0,2,11,2,5,0,1,9,0,3,21,14,13,9,7,6,3,9,0,1,0,5,3,12,6,2,17,2,5,0,2,0,11,20,13,31,14,12,25,5,0,6,8,4,1,19
ENSG00000100505,38,29,20,25,16,22,12,6,29,23,22,13,46,38,0,70,22,6,26,14,14,9,0,38,30,32,38,6,18,48,32,17,16,20,19,26,16,15,38,1,13,5,33,37,2,15,38,30,15,0,37,10,6,29,0,22,17,1,6,10,4,26,18,41,38,30,5,33,27,21,15,12,9,10,23,19,24,10,30,62,17,38,34,61,47,38,17,25,0,0,5,13,11,6,15,16,28,46,11,22,41,11,52,25,20,14,30,45,17,16,42,30,20,37,28
ENSG00000072121,32,38,37,37,40,14,35,26,43,72,46,49,129,76,43,71,30,10,20,20,12,12,30,36,16,24,62,19,15,121,37,34,65,34,51,56,26,54,41,0,50,31,46,42,11,35,72,62,51,51,52,6,4,45,61,49,34,9,29,12,7,37,21,50,98,26,28,66,50,25,49,31,41,29,10,39,33,28,25,119,30,37,26,83,74,68,36,25,73,2,16,13,52,8,36,45,46,46,2,20,94,28,100,52,25,68,24,62,34,47,42,39,21,34,35
ENSG00000071246,12,10,20,17,30,10,2,20,2,11,8,5,29,26,3,20,7,13,8,7,5,45,8,0,15,8,1,7,6,37,5,5,10,10,12,9,4,19,8,7,14,1,10,22,24,27,4,4,8,39,3,2,0,14,8,25,13,14,0,2,1,9,19,29,6,2,14,13,10,8,2,0,16,18,8,21,16,22,9,32,15,25,33,20,14,32,10,5,0,0,2,8,0,1,12,11,9,19,52,14,8,27,5,10,10,8,13,17,8,5,18,18,9,0,15
ENSG00000198668,12,12,33,16,34,13,16,22,38,43,18,31,46,10,2,39,19,18,13,9,22,39,0,18,0,11,22,1,23,55,22,12,12,27,28,24,21,18,17,18,19,15,21,21,3,4,32,19,1,0,32,8,57,33,14,30,17,27,10,14,23,22,31,42,29,19,23,38,9,10,12,3,29,34,0,2,9,9,28,38,16,14,36,57,33,26,39,21,17,0,50,4,11,11,15,11,24,19,3,32,34,65,11,21,8,11,20,25,18,9,31,20,6,12,15
ENSG00000066739,20,24,30,34,47,24,41,39,17,14,43,45,71,46,8,84,29,29,17,10,43,41,77,19,54,17,42,22,12,67,42,21,36,29,53,58,17,61,32,12,27,9,62,52,45,34,90,30,11,92,44,52,20,29,43,34,24,10,18,25,6,25,98,23,30,37,28,67,78,13,30,29,54,49,32,82,51,31,36,85,86,28,48,71,47,83,36,22,8,9,19,17,15,7,40,46,30,35,23,30,32,58,58,56,28,31,57,49,42,38,55,54,16,27,48
ENSG00000100749,2,11,15,6,11,2,23,16,2,11,22,20,11,0,3,18,10,5,12,3,8,0,7,0,1,8,0,0,1,18,4,3,7,4,4,4,5,6,16,0,0,0,4,26,3,0,29,15,15,0,3,5,0,1,3,6,8,0,0,0,7,16,25,5,3,13,1,8,8,17,0,0,9,0,4,23,13,3,4,17,12,38,19,14,3,4,6,4,0,0,0,0,27,4,1,6,12,4,4,1,33,1,1,7,6,9,1,17,1,2,0,18,5,16,3
ENSG00000100811,37,5,13,27,19,9,21,11,27,27,10,56,47,5,9,34,22,15,8,13,15,9,3,29,2,20,11,4,4,33,20,20,15,18,35,25,4,4,12,3,7,2,32,30,14,24,13,10,15,2,8,3,0,29,1,21,10,8,6,10,4,6,27,22,35,28,60,24,28,9,2,22,34,2,5,25,9,36,6,44,41,48,33,37,50,21,7,5,0,0,7,9,11,2,11,18,14,35,15,4,23,71,62,16,16,8,20,22,25,37,1,35,13,8,21
ENSG00000100711,13,20,0,12,23,17,24,24,19,14,10,20,31,19,3,38,30,15,22,5,7,30,3,3,18,16,10,24,10,42,31,9,10,16,15,31,10,22,18,1,31,12,13,27,18,33,13,18,4,4,8,9,17,12,17,12,12,14,5,0,26,11,9,9,7,39,9,23,5,6,15,14,14,12,8,14,14,14,16,45,22,19,38,34,33,46,16,31,2,0,8,10,1,11,13,24,14,17,26,27,23,17,30,19,14,8,14,23,12,15,16,9,31,24,9
ENSG00000142208,25,14,15,15,17,21,28,9,36,20,39,32,44,17,1,41,13,12,8,7,6,19,0,10,14,26,19,13,9,44,19,2,31,13,52,27,18,31,7,19,36,13,34,25,11,11,17,29,26,3,25,27,0,41,8,33,29,25,17,6,8,16,14,21,18,15,30,18,23,13,0,2,42,19,2,0,13,33,8,50,44,18,21,53,49,27,27,11,0,0,2,2,15,7,21,25,13,31,23,42,21,14,61,18,12,23,16,51,21,3,13,13,6,11,10
ENSG00000114062,26,16,26,38,41,31,7,66,43,22,15,62,65,38,18,65,39,18,15,26,17,83,28,25,22,14,29,10,2,62,28,29,22,16,8,21,21,26,16,12,24,2,22,32,6,26,26,38,15,17,6,0,59,35,12,32,28,7,37,50,1,46,34,61,37,26,70,38,33,18,10,33,25,34,11,38,39,68,32,63,80,12,24,72,40,34,23,15,0,0,26,3,6,31,41,24,24,42,5,83,34,35,44,51,28,27,60,39,28,33,35,72,30,18,47
ENSG00000104142,3,13,4,4,9,10,2,5,0,11,9,10,18,18,5,25,11,6,3,3,4,2,1,2,0,10,4,0,1,19,12,5,9,5,11,16,4,0,6,0,11,5,8,11,9,12,36,20,3,4,7,3,0,14,7,20,3,6,22,2,0,15,4,11,9,12,21,8,6,3,0,0,15,4,10,0,1,11,4,23,29,6,2,17,17,3,4,0,0,1,1,1,1,6,4,10,18,8,5,8,3,19,14,22,7,5,10,22,6,33,20,16,4,0,15
ENSG00000137815,8,17,20,7,24,19,8,35,33,19,11,36,49,2,25,28,16,12,14,24,3,7,0,25,12,17,8,2,22,50,3,23,19,15,36,36,3,15,8,0,13,3,26,12,34,7,19,27,3,39,8,13,5,23,13,36,20,9,10,28,17,18,27,29,24,13,26,26,35,14,2,23,16,7,5,35,28,37,18,66,21,18,8,40,33,24,11,13,0,0,2,8,6,4,23,11,27,23,15,22,9,22,54,15,27,29,2,19,6,28,38,10,25,11,14
ENSG00000140265,10,10,4,21,21,14,8,18,4,14,12,24,49,54,2,20,4,17,4,9,15,34,14,0,42,11,8,12,29,36,22,15,15,25,25,17,13,22,24,10,18,11,10,41,19,21,42,41,14,0,29,1,4,20,5,72,9,5,16,12,12,24,14,4,36,17,40,32,22,3,5,13,10,9,3,7,32,22,13,56,47,21,16,30,15,12,5,4,0,0,11,1,5,3,7,11,27,40,15,30,29,25,17,16,7,12,18,19,11,18,12,26,6,17,12
ENSG00000166710,34,23,15,35,17,10,36,31,21,13,31,19,44,57,40,51,51,11,35,17,29,51,121,78,38,36,15,82,13,45,44,34,31,29,173,161,85,448,32,94,641,11,40,34,11,18,22,33,38,5,23,416,1191,25,15,181,58,16,2,9,12,23,47,77,71,83,22,44,36,13,63,50,136,56,13,6,16,69,37,64,60,73,194,53,142,49,42,68,18,1,68,19,9,46,12,21,120,36,207,52,23,82,88,62,59,117,89,127,126,277,70,48,54,33,194
ENSG00000103723,27,28,26,30,20,16,24,25,17,62,7,37,55,22,11,52,18,5,26,4,31,45,28,34,57,14,12,26,24,52,11,14,28,20,44,20,16,24,15,12,27,24,30,37,9,16,22,31,12,11,28,1,42,13,5,16,15,24,23,18,2,49,32,29,49,45,19,45,26,13,3,19,23,11,1,0,35,37,40,57,19,54,42,57,40,40,10,16,0,63,6,9,9,16,30,23,30,16,43,77,22,32,33,8,21,16,24,43,22,23,36,62,13,41,33
ENSG00000157823,5,24,23,25,30,10,8,18,13,30,6,36,61,6,9,43,13,13,8,0,28,19,5,2,23,11,10,2,13,44,16,28,33,24,9,41,18,21,41,1,19,3,13,31,15,6,17,30,3,115,13,0,0,24,14,23,11,10,6,20,26,14,39,3,12,30,6,27,9,6,0,5,31,19,1,4,18,18,28,61,18,21,34,33,33,23,16,22,0,6,17,14,11,16,9,6,20,17,48,39,70,58,20,24,16,15,15,3,16,20,20,13,14,20,25
ENSG00000103275,16,9,9,11,14,5,3,10,13,27,8,18,37,8,11,50,6,12,4,6,8,8,25,38,22,13,12,2,1,53,22,12,17,5,31,3,12,16,15,0,30,5,18,5,11,14,16,31,5,9,3,2,0,12,10,8,13,6,3,10,16,27,18,9,8,18,30,14,20,2,7,3,17,11,4,0,11,18,8,44,21,14,23,42,34,2,13,16,0,0,3,15,8,3,26,11,8,30,6,44,15,20,27,3,10,16,15,28,4,20,35,18,21,30,13
ENSG00000103197,14,21,28,30,19,9,94,28,32,16,15,28,60,23,14,50,21,33,9,24,30,27,19,49,27,38,21,16,3,83,28,6,15,19,28,46,3,33,19,1,39,4,82,23,0,3,34,45,13,10,27,7,9,16,1,40,9,19,31,12,27,51,7,26,54,17,33,41,22,1,12,10,31,12,6,0,22,26,14,87,53,47,21,46,41,21,20,37,0,5,21,4,7,3,19,16,63,32,61,25,23,33,48,40,51,18,24,31,27,29,26,11,21,3,29
ENSG00000162065,16,33,12,22,14,5,55,37,27,13,9,24,48,11,8,38,31,13,4,14,22,29,1,18,12,9,8,8,15,61,15,9,16,12,23,19,17,11,41,11,26,9,13,30,11,30,10,32,13,35,6,5,17,20,2,37,10,6,12,15,2,32,24,11,23,24,15,35,12,3,0,28,41,27,9,2,21,9,8,49,40,6,58,46,39,11,13,24,60,0,1,6,13,13,5,10,23,35,3,16,36,21,60,41,27,14,10,16,17,8,32,18,6,21,21
ENSG00000118900,17,10,18,22,25,26,48,30,31,21,27,7,53,18,31,56,2,20,14,21,3,21,11,2,38,30,21,1,16,36,17,21,33,13,49,41,20,7,5,9,17,18,41,14,17,14,25,32,23,0,47,0,44,20,64,23,8,16,12,22,12,39,77,20,22,19,13,24,30,14,4,2,14,21,6,2,21,25,22,71,19,10,17,49,31,25,13,14,1,0,9,8,16,16,18,25,15,30,14,23,37,32,25,17,14,30,10,21,20,18,15,31,6,9,22
ENSG00000183044,18,8,30,24,23,19,31,40,45,26,14,40,66,50,13,51,12,13,7,19,17,23,2,39,23,28,14,39,37,68,22,12,62,21,33,27,20,26,18,55,25,11,48,36,0,23,31,28,6,1,20,10,4,31,2,42,17,23,12,19,32,23,18,40,13,14,22,52,27,12,2,4,19,12,5,0,27,23,28,79,30,30,24,61,38,27,42,19,0,7,24,21,13,23,41,11,14,36,14,63,50,30,21,36,29,32,13,51,18,19,23,19,44,29,51
ENSG00000066654,6,17,5,4,12,20,11,8,16,18,22,20,47,10,15,45,16,6,1,10,15,26,6,3,34,12,2,0,0,29,2,4,21,8,16,13,4,5,13,1,16,17,10,12,7,1,25,19,7,0,17,1,5,8,2,5,27,3,0,4,0,8,14,23,6,4,12,22,28,9,7,0,19,7,38,25,3,28,11,28,42,13,4,22,18,5,16,10,0,0,8,14,14,10,6,9,9,19,1,40,3,16,7,8,38,26,9,28,1,28,4,6,3,6,13
ENSG00000090905,17,18,27,28,31,41,78,40,44,17,20,34,81,44,10,77,34,25,24,12,50,30,0,28,38,22,21,32,18,112,41,27,33,28,49,38,15,38,24,0,6,9,40,39,25,15,66,50,29,15,31,4,0,75,25,54,27,27,29,23,23,69,78,33,44,35,63,60,56,33,38,6,40,23,18,7,34,39,19,108,49,61,40,75,46,43,33,31,2,57,34,24,23,10,34,28,36,60,0,87,94,75,36,51,34,27,49,53,27,26,16,54,11,50,67
ENSG00000178952,1,0,0,4,4,1,7,8,1,5,18,5,24,0,0,8,3,1,0,2,5,0,3,4,16,9,4,9,0,15,0,4,2,7,7,7,8,5,7,0,6,8,8,3,0,2,10,7,0,7,7,0,12,8,0,2,7,1,1,9,1,11,3,3,18,24,1,11,1,16,1,0,4,0,0,2,7,9,5,11,5,6,3,6,7,0,0,6,0,0,0,21,1,3,4,6,0,15,2,21,1,4,3,6,0,1,1,13,15,2,9,8,0,0,8
ENSG00000090238,5,4,0,13,11,15,0,10,3,3,4,3,10,2,5,15,8,11,5,0,11,0,15,11,13,0,0,3,2,11,11,9,5,4,7,7,1,8,9,1,1,1,7,13,1,2,5,9,0,2,5,0,0,12,3,8,1,7,0,6,5,9,3,1,5,0,1,1,1,6,0,5,3,5,0,3,4,12,0,19,21,41,21,11,6,18,2,10,0,0,2,2,0,6,4,9,9,1,0,21,7,13,8,6,4,2,16,4,15,3,12,8,0,9,10
ENSG00000166164,12,3,15,22,17,5,59,11,22,25,1,22,32,16,40,27,13,9,12,14,11,18,0,24,9,16,8,4,4,40,7,1,4,15,21,18,15,12,8,0,8,12,16,27,7,15,23,33,12,0,26,28,0,12,3,10,4,13,4,15,18,27,14,5,46,15,10,31,48,14,16,12,26,12,2,1,18,1,8,40,31,33,30,37,25,19,7,10,13,0,6,3,7,17,14,15,8,23,2,6,29,15,8,23,24,11,15,28,20,13,11,23,1,9,28
ENSG00000159720,20,10,26,46,19,5,19,13,4,29,11,19,62,33,9,45,13,13,1,12,21,5,5,13,19,21,24,8,15,40,9,18,11,13,24,14,19,22,8,1,19,6,18,26,4,18,17,47,19,14,13,18,0,13,22,29,10,2,10,9,6,36,50,17,17,13,30,32,28,20,19,3,28,33,1,43,18,5,2,58,56,63,24,44,21,28,18,13,3,0,5,8,14,6,16,47,29,17,5,22,34,38,6,36,27,18,12,22,9,13,27,18,2,5,7
ENSG00000102977,5,12,2,2,7,1,13,0,1,7,0,0,20,6,0,5,15,4,0,1,0,3,3,2,0,17,0,10,2,6,1,0,0,6,6,0,9,0,7,0,2,0,4,15,11,3,0,7,6,0,11,0,5,9,10,6,2,1,1,0,0,6,3,7,8,2,0,5,2,4,0,0,17,12,0,2,0,5,5,24,5,4,1,9,6,4,1,0,0,0,0,2,4,2,9,6,1,2,1,4,4,5,25,4,0,3,0,1,4,0,7,12,2,0,2
ENSG00000132604,5,8,9,32,15,10,18,14,5,15,30,25,31,9,12,38,4,7,12,13,6,18,19,20,4,20,5,2,11,40,9,16,12,15,28,13,3,15,4,2,17,10,19,9,1,5,9,21,7,0,11,75,3,25,5,20,22,4,4,2,0,17,12,17,26,23,23,20,1,11,3,3,27,7,2,1,17,20,13,50,47,11,11,41,28,6,13,18,9,1,10,11,7,9,5,8,14,42,5,26,23,21,20,15,8,14,19,10,6,18,10,12,0,13,12
ENSG00000103091,11,31,27,22,43,12,30,23,11,22,7,37,49,50,23,43,21,8,19,19,28,72,24,9,14,22,20,0,35,70,9,4,26,16,9,49,12,15,18,19,16,3,28,28,10,58,21,22,23,1,11,35,1,26,27,45,18,20,26,18,26,36,26,12,31,37,22,62,30,20,2,23,27,36,22,7,33,12,34,64,50,12,73,37,39,42,15,21,4,1,15,2,37,18,24,22,13,45,6,22,48,45,42,22,21,17,26,32,18,26,18,37,9,9,36
ENSG00000186187,5,21,5,13,20,11,45,11,8,13,5,8,37,14,4,33,10,15,2,14,21,11,9,25,4,3,12,2,27,35,25,27,5,14,21,20,13,22,16,32,40,16,27,9,4,25,13,33,21,2,20,6,12,14,29,47,17,4,22,13,11,32,10,14,21,18,17,10,22,12,6,9,11,19,49,0,8,4,16,44,26,19,17,45,33,22,22,7,9,0,1,5,0,1,10,27,18,32,24,27,30,13,23,3,19,10,2,11,9,23,11,5,11,14,23
ENSG00000166848,15,6,11,3,7,6,4,19,11,9,8,4,21,8,0,33,6,8,12,9,6,5,1,1,11,5,21,5,1,22,7,0,3,11,15,1,0,5,2,6,1,12,28,2,0,3,11,25,2,0,1,10,6,26,0,13,3,3,0,5,0,1,0,2,0,10,0,1,17,9,1,5,18,23,0,0,8,12,10,25,0,7,4,8,11,0,8,10,10,0,0,6,0,5,4,11,8,9,0,24,25,16,1,13,3,6,10,1,7,13,2,4,0,5,5
ENSG00000198931,1,0,4,2,4,0,0,3,5,1,0,14,13,0,0,4,4,1,11,0,3,4,0,2,8,2,5,0,3,14,2,7,4,1,11,9,3,0,2,4,7,0,7,5,0,3,11,0,4,0,0,1,0,21,0,17,0,3,0,3,6,2,8,14,4,0,0,4,0,0,0,0,14,3,1,1,3,1,7,3,6,4,0,14,13,1,2,1,0,0,0,0,12,3,4,1,9,5,0,5,2,15,17,10,8,2,0,11,5,2,3,0,0,2,3
ENSG00000108953,16,6,32,8,14,7,11,30,0,28,32,8,31,20,9,33,9,9,12,5,2,6,9,12,15,10,8,0,0,26,15,0,23,16,10,29,4,35,6,22,40,9,25,10,9,0,16,15,0,2,15,5,46,20,0,36,17,20,15,4,0,50,17,22,0,25,16,20,14,4,0,1,29,2,2,15,7,11,22,61,13,41,2,26,23,10,9,15,0,3,6,13,3,0,11,9,15,8,4,22,5,31,18,6,25,8,5,34,18,10,29,21,4,6,19
ENSG00000074755,28,29,61,54,68,25,78,68,63,82,26,50,143,32,24,142,57,23,45,17,101,19,18,40,45,56,34,34,11,111,40,34,60,23,55,74,47,29,43,5,59,55,67,51,24,21,72,73,9,3,53,10,1,57,61,82,31,40,14,17,27,62,56,59,48,61,39,68,69,39,18,17,32,35,32,7,37,72,76,152,124,55,68,102,81,51,33,33,0,20,41,12,21,30,28,43,43,62,53,72,61,50,93,77,48,49,35,88,46,37,54,23,34,52,58
ENSG00000214941,13,6,2,12,10,4,6,3,3,14,11,11,13,0,3,11,0,10,3,0,0,10,7,10,5,5,0,0,0,8,0,8,16,2,14,5,7,3,6,0,1,5,3,12,11,3,6,16,0,0,1,0,7,2,3,4,3,6,6,9,1,4,0,2,3,15,7,14,18,0,1,1,22,1,1,0,14,11,15,27,28,35,30,18,2,2,2,2,0,0,9,7,1,2,6,2,4,11,4,7,3,9,14,2,11,0,8,5,5,1,1,15,14,0,25
ENSG00000083290,14,27,40,44,54,33,28,25,26,60,28,24,51,22,2,70,16,26,10,10,15,60,27,37,40,25,21,11,9,59,17,20,14,14,35,53,28,27,29,1,60,39,69,31,12,18,56,48,23,3,14,7,15,12,23,46,17,15,6,18,2,64,33,29,37,24,12,49,47,8,13,23,8,59,9,13,16,29,28,74,19,29,36,78,54,37,10,24,1,57,12,2,26,26,15,18,20,42,13,25,42,49,30,24,26,23,35,40,28,32,53,18,14,28,21
ENSG00000124422,6,7,3,27,21,5,62,3,11,28,7,18,31,28,2,18,9,8,4,3,25,3,3,3,13,6,1,6,3,38,16,19,16,7,5,8,18,1,16,0,6,18,14,20,8,8,8,23,0,0,8,0,34,15,10,27,9,18,0,6,1,9,36,5,1,8,29,20,9,11,3,14,23,8,12,10,10,4,8,56,37,14,4,51,24,16,8,10,4,0,1,1,9,6,12,2,9,9,17,3,8,32,14,12,14,10,5,15,8,17,8,24,13,7,20
ENSG00000109107,6,0,8,9,14,6,7,0,35,6,12,14,20,3,1,7,3,8,1,1,2,35,1,0,11,5,0,0,16,10,4,3,2,5,5,20,3,1,10,47,20,1,16,17,1,4,14,6,1,0,5,0,3,5,0,10,15,0,0,6,0,9,7,0,16,9,4,7,5,0,15,3,1,17,0,1,14,2,12,29,10,8,6,5,10,18,1,6,4,0,2,6,3,6,13,8,4,18,0,1,11,4,11,10,15,10,7,2,1,4,6,19,0,23,12
ENSG00000273611,6,1,7,30,11,26,23,17,21,38,1,13,54,10,6,51,2,0,5,6,5,10,5,56,14,30,2,6,4,33,19,7,8,29,12,21,1,33,18,0,2,5,37,23,10,11,36,18,1,15,23,3,0,19,17,26,9,10,21,10,0,6,28,15,22,4,15,41,14,8,6,17,17,11,7,0,29,7,19,43,34,12,17,33,31,7,24,18,0,0,4,26,14,1,5,18,8,43,3,10,35,40,33,7,8,13,18,31,12,10,11,15,1,19,7
ENSG00000033627,18,20,30,27,40,21,40,47,45,58,13,25,89,35,9,66,28,26,21,21,14,31,2,5,28,38,21,48,36,83,26,18,35,14,41,28,38,26,43,10,43,25,36,42,17,8,30,56,13,12,37,27,17,30,21,33,12,16,3,11,24,24,41,12,36,32,16,56,24,18,31,22,35,40,25,45,20,21,30,107,25,39,33,49,60,35,22,25,14,55,41,6,19,5,33,36,22,46,6,26,69,39,56,38,16,40,29,43,21,6,61,44,25,23,41
ENSG00000126581,7,4,7,13,24,5,5,24,43,35,5,14,46,7,6,26,26,21,25,6,4,7,8,5,13,18,21,0,1,46,27,10,18,3,7,9,3,8,6,9,9,1,28,22,9,14,25,59,4,0,16,10,1,13,0,17,3,8,5,19,6,20,51,25,15,5,18,18,13,7,2,14,6,16,3,0,12,11,19,67,21,7,9,44,26,8,18,7,0,0,11,10,1,16,10,22,7,19,8,4,2,13,20,10,23,6,19,24,12,32,12,35,2,20,15
ENSG00000078687,11,6,22,29,29,20,31,29,49,51,42,39,57,28,12,83,19,12,26,15,53,20,39,41,31,14,26,8,12,58,19,15,16,30,31,35,41,5,25,4,40,11,46,27,32,29,31,47,10,32,40,24,10,27,14,34,22,20,9,17,17,53,40,14,33,71,14,54,26,17,6,2,29,31,2,6,21,20,18,67,7,35,31,77,71,44,27,14,6,7,28,4,14,10,26,32,22,29,16,45,37,27,9,36,38,18,29,44,18,18,45,37,12,41,46
ENSG00000141522,6,10,3,0,1,0,0,3,0,3,1,3,9,1,0,10,2,0,0,0,1,0,0,0,1,1,1,2,0,10,2,2,2,5,5,0,0,0,9,0,7,0,1,1,0,2,2,11,7,0,12,0,0,4,1,6,2,5,0,1,0,20,14,3,0,12,1,1,3,1,0,0,20,0,1,0,1,2,9,15,4,0,11,10,0,0,2,8,0,0,1,0,8,1,0,4,0,2,0,0,3,1,0,13,2,2,5,4,5,15,0,5,0,7,5
ENSG00000141552,15,17,6,18,8,2,3,0,7,1,1,0,21,5,0,23,2,5,11,2,24,22,1,11,3,3,10,17,3,19,2,7,12,6,10,18,10,7,15,0,1,1,8,14,0,10,2,14,1,0,8,1,1,14,9,9,2,4,4,4,1,3,0,3,2,2,6,15,8,13,1,3,7,15,1,0,6,7,5,19,11,3,3,41,11,21,6,3,0,2,2,0,6,11,13,0,11,3,6,3,5,2,6,2,4,0,3,24,13,6,12,32,5,11,21
ENSG00000176890,0,1,9,4,4,4,7,5,6,1,4,3,11,0,1,4,2,7,0,6,1,3,3,1,0,1,6,0,0,7,0,0,0,5,6,11,0,1,2,0,10,0,0,5,0,0,8,4,0,0,2,4,0,4,2,12,3,0,1,0,3,11,0,15,3,3,0,7,2,0,7,2,4,0,0,1,1,2,10,10,10,8,15,9,4,2,7,1,0,0,1,3,0,1,12,4,0,4,22,4,0,11,10,1,6,0,0,9,3,0,3,10,0,10,7
ENSG00000141385,9,1,22,11,14,5,18,33,17,20,5,26,34,22,23,27,18,15,12,13,7,10,2,21,7,6,24,0,24,36,10,10,30,11,10,11,9,11,25,21,21,5,13,26,2,26,37,35,29,0,4,0,12,18,5,23,19,3,6,0,3,26,50,14,9,13,21,17,22,31,1,0,29,2,13,15,7,2,22,24,37,30,26,38,26,26,11,18,4,0,12,1,22,6,14,16,9,21,0,18,20,32,4,17,10,16,9,38,10,62,43,24,11,8,40
ENSG00000081923,17,34,17,5,32,12,18,17,14,28,15,21,42,30,12,38,1,16,8,8,33,48,0,2,25,8,16,6,4,36,12,14,26,13,31,42,2,7,22,6,28,23,9,23,4,9,8,26,3,17,18,0,7,18,10,26,10,3,22,13,0,40,41,17,9,40,18,23,20,31,7,8,36,16,15,6,14,30,44,71,18,27,56,58,43,20,12,12,15,8,31,24,3,8,8,18,17,16,1,19,33,29,24,35,34,8,17,30,22,18,10,9,12,14,17
ENSG00000171791,66,14,17,17,37,15,41,13,40,41,34,57,69,45,23,63,2,22,6,9,58,38,1,13,19,17,6,14,3,59,14,18,17,28,42,35,16,16,36,12,48,22,29,33,39,3,41,49,5,7,31,21,11,10,50,41,6,14,7,33,7,33,70,30,6,26,24,59,30,25,31,2,28,47,32,18,18,33,22,74,26,82,22,35,28,54,17,18,7,2,3,10,22,4,30,36,17,33,52,59,41,32,34,43,35,23,28,19,24,30,42,15,32,16,29
ENSG00000171552,0,5,0,11,10,1,3,5,0,0,1,6,16,1,0,5,2,2,1,2,19,16,16,0,1,0,0,5,0,17,0,14,8,1,1,6,2,6,4,1,5,0,8,1,7,0,1,0,2,0,0,0,16,8,0,7,3,4,0,6,1,1,9,8,3,1,0,2,1,1,1,11,10,6,4,1,2,6,0,12,3,0,15,11,1,0,6,2,0,0,16,0,2,0,7,8,3,3,1,7,7,2,7,4,4,4,3,10,1,3,8,19,0,0,5
ENSG00000171222,1,2,3,4,0,1,0,17,5,0,4,10,4,0,1,4,0,0,0,1,3,10,0,4,3,2,4,0,0,4,0,0,0,4,1,5,0,0,12,0,0,6,6,3,1,5,7,3,4,0,6,0,0,7,0,2,2,0,0,0,1,4,1,2,2,7,1,2,6,0,15,0,6,2,0,2,0,0,4,17,1,0,6,7,9,2,1,6,0,0,9,0,0,0,0,3,9,6,0,1,12,4,0,3,0,1,1,1,1,0,0,5,0,0,9
ENSG00000198900,14,5,9,14,14,3,32,6,52,22,11,12,37,24,23,34,9,11,9,9,21,2,10,8,29,11,8,1,0,31,2,2,17,9,8,22,2,7,10,68,32,1,22,8,11,17,26,19,8,6,22,0,6,19,6,6,5,19,2,3,7,17,21,6,3,26,14,9,23,13,10,20,13,26,0,1,13,20,4,51,9,43,12,35,25,35,20,12,0,0,12,11,3,8,12,13,22,13,2,8,19,9,15,6,17,13,15,7,7,9,9,15,6,8,7
ENSG00000168612,3,0,9,9,4,2,15,5,0,22,2,14,14,1,2,12,5,2,0,17,8,4,0,1,1,8,4,1,0,26,0,4,4,4,6,18,1,0,2,2,20,4,12,8,5,10,10,14,5,0,11,0,0,6,0,2,6,2,0,11,1,15,32,1,28,12,22,1,15,1,2,10,5,10,6,9,10,8,1,14,5,12,21,19,8,5,10,25,8,0,3,14,12,11,11,8,1,8,2,2,20,0,5,2,0,5,8,11,6,3,1,7,0,8,8
ENSG00000101040,22,3,26,22,27,25,21,27,26,35,18,37,60,50,8,55,15,25,48,12,3,7,20,16,18,32,51,11,3,62,30,44,19,18,17,17,9,29,26,2,30,10,57,22,9,17,14,39,16,3,14,10,5,39,1,40,32,19,16,17,8,45,35,9,8,30,23,40,21,17,21,11,30,12,1,72,19,21,32,72,36,18,19,50,23,54,12,12,0,0,8,18,4,22,25,27,39,31,35,22,36,54,42,35,19,27,22,40,8,31,60,42,4,8,17
ENSG00000124201,7,24,26,24,28,21,56,46,47,93,14,22,72,16,17,39,5,11,9,7,18,12,33,3,20,51,4,3,10,63,19,17,20,21,16,8,45,16,7,7,37,13,13,22,2,10,48,50,24,5,25,0,2,28,3,22,17,11,27,14,40,20,21,14,22,8,5,30,40,13,25,11,41,19,13,8,29,23,22,47,20,53,66,61,29,51,23,10,0,2,6,7,18,5,15,45,25,49,27,10,10,38,24,40,30,17,22,10,8,6,32,16,6,3,27
ENSG00000197114,3,1,0,4,2,0,8,4,0,3,0,5,8,8,9,5,0,0,8,0,1,13,0,0,0,0,1,0,1,8,0,1,3,2,0,2,4,0,12,0,1,2,4,0,0,6,0,3,0,0,3,1,0,17,18,2,0,3,0,0,0,8,1,5,5,13,2,8,6,1,10,0,0,2,1,7,7,2,0,3,4,5,2,1,3,5,5,2,0,0,2,1,0,1,0,1,1,6,1,10,11,0,0,2,0,0,0,4,1,3,0,1,0,1,0
ENSG00000196700,9,3,12,7,19,10,31,4,9,19,19,9,31,9,1,29,10,8,7,4,9,16,15,26,14,10,0,10,1,44,13,10,12,7,29,20,8,11,6,2,66,7,19,17,0,0,11,23,6,0,22,1,11,26,5,17,5,11,4,1,24,33,32,2,23,2,11,19,12,6,25,2,20,9,0,0,8,6,7,38,13,8,24,36,34,9,3,10,0,0,1,1,8,3,3,13,14,25,0,16,29,13,19,21,13,10,16,20,2,8,39,24,3,10,23
ENSG00000172270,10,0,8,18,8,2,11,12,12,2,0,13,12,8,7,24,3,18,6,7,1,13,12,0,13,8,6,0,0,13,7,5,3,9,15,15,5,4,0,0,16,5,15,12,1,11,13,19,2,5,15,8,2,7,0,17,5,0,0,8,7,8,4,0,11,7,2,2,0,0,11,0,10,3,17,2,0,6,5,37,28,14,13,35,14,12,8,2,11,0,1,9,2,5,6,5,6,11,2,2,3,21,1,9,17,7,3,12,11,19,7,21,0,19,1
ENSG00000071564,6,8,20,6,3,8,8,8,4,6,11,9,22,27,3,17,15,2,9,21,12,22,48,2,18,13,15,0,18,36,5,5,10,15,15,17,10,7,12,10,22,11,10,7,18,7,6,11,2,38,2,1,2,4,9,19,3,6,16,3,8,8,17,11,28,17,3,13,7,5,0,10,21,13,0,8,10,3,5,26,46,11,14,26,23,3,8,2,0,11,0,12,11,3,18,5,5,15,2,18,13,12,4,17,25,15,12,11,9,2,15,8,10,4,14
ENSG00000065000,10,6,19,29,16,11,39,21,12,14,14,21,50,7,11,53,21,37,19,16,21,22,31,18,40,21,5,6,16,53,29,29,8,18,34,37,4,23,28,7,53,18,15,13,7,13,25,29,16,46,19,9,21,39,6,25,6,7,9,15,1,26,35,29,26,19,15,28,16,5,16,8,58,33,1,0,23,7,17,84,18,29,34,43,34,27,17,13,2,12,12,9,9,6,33,33,13,23,11,37,23,20,38,29,12,15,15,33,11,27,24,36,3,18,38
ENSG00000178951,7,7,16,1,5,7,1,3,11,17,3,7,19,5,3,23,8,18,12,0,12,1,10,9,11,4,6,0,16,14,3,5,1,5,14,13,7,5,9,1,3,24,3,34,33,13,7,12,7,13,6,5,13,6,0,8,7,3,6,8,5,17,28,1,4,7,1,11,20,3,1,0,5,9,4,9,9,3,3,26,16,19,1,15,14,13,1,6,0,0,7,4,0,2,6,6,12,27,11,4,23,7,2,10,9,10,8,7,5,6,13,13,1,7,16
ENSG00000130734,2,2,5,4,2,9,17,2,1,0,0,2,10,15,0,7,0,2,0,1,1,4,2,3,0,2,6,1,14,8,4,4,0,5,1,11,6,4,1,0,0,3,1,1,0,2,1,1,6,67,5,0,1,2,0,7,0,2,0,0,5,1,0,0,1,16,8,1,1,0,11,0,0,1,0,0,2,0,7,11,1,11,20,11,10,13,3,1,0,4,1,3,0,0,5,0,9,7,5,0,0,1,7,0,5,1,7,8,0,0,2,6,0,6,1
ENSG00000132003,3,4,11,14,19,7,7,4,11,16,13,10,35,9,15,25,3,7,8,9,10,4,13,3,14,17,3,0,4,25,8,10,6,10,11,15,13,11,8,21,38,5,11,7,5,13,15,28,4,14,22,3,15,28,16,4,7,9,0,3,11,19,6,7,16,25,6,4,20,9,0,14,22,11,1,0,8,16,0,45,35,4,10,25,25,12,6,13,0,0,3,13,1,6,4,16,1,13,6,11,12,19,15,10,20,11,9,18,2,4,0,23,5,9,4
ENSG00000072958,25,24,24,26,36,19,28,44,28,50,21,49,127,42,19,81,22,15,29,27,22,22,6,18,32,42,6,1,17,112,20,44,39,29,36,26,51,36,29,5,38,6,35,46,33,16,24,84,41,35,39,9,6,37,20,37,16,26,15,22,30,51,47,8,43,55,18,52,59,25,9,16,81,56,7,21,37,32,51,135,98,52,60,67,73,64,18,21,25,19,53,21,34,26,52,37,32,56,18,27,30,42,44,50,49,36,24,22,16,34,35,57,20,51,61
ENSG00000105640,2,4,3,8,7,7,7,6,0,1,4,17,24,14,0,10,5,10,13,2,3,0,6,11,2,13,5,1,0,13,2,9,14,3,5,8,0,3,3,0,19,0,21,6,3,0,1,5,3,3,11,0,0,21,3,5,2,23,0,9,6,1,7,7,7,2,14,5,7,1,18,4,14,30,2,10,10,8,15,30,13,4,13,25,29,13,9,4,0,0,6,2,3,4,1,9,1,12,1,14,9,5,5,6,4,5,3,22,4,18,5,14,3,6,22
ENSG00000169021,0,4,8,0,8,1,15,13,10,2,4,3,14,22,0,8,4,10,2,14,17,63,1,1,1,0,0,0,0,16,12,3,4,6,11,4,2,2,7,0,33,9,7,15,3,0,13,8,0,0,0,1,0,1,0,11,3,0,0,10,2,2,24,4,0,8,25,13,3,3,0,2,0,5,5,31,12,6,7,22,18,10,2,7,14,20,4,8,0,0,0,1,0,3,1,7,7,7,1,16,2,2,1,8,10,6,9,4,0,13,27,10,3,1,18
ENSG00000105711,13,11,16,11,12,6,3,8,14,2,17,11,27,14,17,28,6,11,5,4,7,5,0,3,20,10,2,0,27,17,9,2,12,10,21,13,5,23,23,28,10,1,8,11,0,1,3,6,1,3,9,1,6,16,1,14,7,14,2,0,2,12,14,30,3,18,10,26,18,6,6,0,14,0,4,5,18,8,10,33,12,15,8,20,29,15,4,3,0,0,10,13,3,5,14,11,5,11,2,1,5,12,29,27,8,10,8,31,13,9,18,28,2,12,15
ENSG00000105221,33,13,25,34,55,11,35,41,65,49,19,35,95,81,26,59,20,28,6,13,31,30,47,26,31,41,17,8,33,89,39,53,35,25,34,46,34,36,36,3,27,9,46,28,25,21,40,67,15,66,14,11,53,31,68,59,9,19,7,29,24,53,41,91,18,51,56,43,50,16,32,32,33,29,11,11,56,21,22,117,50,71,38,62,43,9,29,43,8,2,1,26,22,13,41,29,33,25,2,48,31,16,65,22,35,27,29,35,18,41,18,31,20,52,50
ENSG00000105329,5,2,10,19,3,3,12,8,4,4,31,1,15,10,0,6,13,1,10,8,0,0,0,0,0,10,5,2,15,8,30,3,3,9,25,22,0,35,2,1,30,0,8,5,3,0,0,11,3,0,4,5,22,15,1,15,15,19,1,2,22,1,3,2,14,16,6,1,22,0,2,9,2,3,1,0,2,15,10,29,6,8,22,16,15,19,0,2,0,0,4,0,4,2,10,4,18,19,8,0,4,1,14,13,24,20,7,16,29,24,9,5,9,12,18
ENSG00000105409,11,13,11,6,13,1,13,18,20,32,13,32,39,9,6,15,5,6,8,10,19,42,0,12,15,16,13,6,0,25,14,12,7,10,9,20,4,10,19,9,4,12,13,18,15,11,6,20,3,18,12,1,0,9,2,27,21,19,0,0,4,47,14,13,13,10,14,18,14,6,9,5,9,23,13,0,20,8,8,28,16,14,16,25,21,1,2,16,43,0,14,0,10,4,17,15,26,16,6,6,14,24,10,11,17,3,1,22,14,24,22,12,6,5,3
ENSG00000130203,4,1,8,5,4,4,0,1,8,0,13,8,13,36,0,11,1,6,0,0,5,0,0,0,3,1,0,0,0,5,0,1,0,1,3,12,6,5,3,0,1,0,0,3,7,0,6,9,3,3,2,8,0,9,0,7,2,1,1,1,0,1,1,1,2,4,0,10,3,11,0,0,0,0,1,0,1,2,1,14,10,7,4,8,5,1,2,1,3,0,0,0,1,0,0,1,4,3,0,0,1,0,5,6,1,10,1,5,6,2,1,1,3,0,1
ENSG00000105327,3,2,1,2,1,3,0,0,6,0,3,2,7,2,16,7,3,12,0,2,0,4,68,9,0,13,0,1,12,19,0,8,6,6,10,4,6,11,2,0,1,12,1,11,3,13,23,2,1,0,4,1,0,4,0,6,10,0,5,0,3,1,0,15,0,4,18,4,0,1,1,0,10,2,0,4,10,2,2,27,3,15,10,16,4,11,9,2,62,0,0,1,12,5,10,6,3,6,2,7,3,9,12,10,16,5,5,4,4,8,1,10,8,6,3
ENSG00000087088,2,3,5,5,7,11,7,8,1,0,0,0,12,11,0,8,7,1,8,0,3,7,3,6,0,11,0,1,0,13,6,6,4,5,3,18,3,2,1,0,4,17,5,11,1,1,8,12,7,13,3,15,0,5,7,0,4,7,4,9,0,20,31,14,5,1,1,10,1,4,0,2,9,1,0,1,11,1,5,20,18,19,8,17,14,1,3,17,0,0,1,9,0,2,5,7,5,7,2,12,26,0,16,5,7,1,3,10,0,11,7,2,2,8,3
ENSG00000142541,3,7,6,9,7,7,3,16,16,1,8,2,14,4,4,13,2,7,4,4,19,4,0,7,1,3,17,2,10,16,9,16,11,6,9,8,11,4,5,0,11,14,3,14,2,0,4,5,7,0,3,34,74,27,3,8,1,3,4,13,18,5,14,10,11,35,4,14,5,5,9,5,6,13,3,3,6,6,7,24,47,20,11,22,10,7,4,6,0,0,5,2,7,0,11,8,13,12,14,12,14,0,15,14,7,12,6,2,4,10,23,11,5,14,16
ENSG00000126453,6,0,6,3,0,0,1,6,3,23,0,4,13,1,10,12,0,6,10,1,10,2,5,3,4,7,0,0,0,14,0,1,0,1,3,4,19,5,0,10,0,9,3,1,18,1,0,0,1,0,2,0,0,0,0,1,4,4,3,8,0,8,2,0,4,2,0,5,2,0,12,0,0,5,0,0,6,2,0,7,8,8,8,14,2,0,3,2,3,0,0,0,0,0,0,7,6,3,0,0,0,8,3,4,4,1,5,8,5,0,13,0,0,0,2
ENSG00000182318,15,11,9,12,12,1,9,11,24,6,18,9,31,19,12,18,5,10,16,5,12,20,11,12,9,6,4,17,0,27,2,2,11,8,9,25,11,3,6,1,26,5,10,12,4,1,15,16,1,0,8,3,2,21,5,7,4,3,0,20,8,15,10,27,26,18,12,12,13,10,12,3,23,17,0,7,8,10,4,20,42,13,9,21,32,11,10,4,1,0,1,4,16,8,10,7,4,11,0,4,8,12,19,9,9,18,7,25,10,15,1,4,9,8,17
ENSG00000130725,1,0,6,6,7,2,0,4,7,3,3,5,7,6,6,9,3,1,1,3,5,0,0,0,0,4,0,0,0,9,5,1,2,2,5,1,0,2,9,2,10,0,20,4,14,1,4,0,1,1,0,0,0,8,0,14,5,1,0,1,7,3,7,2,8,0,10,7,5,0,0,0,1,0,9,24,2,15,6,9,0,20,0,11,7,17,12,4,0,0,10,4,0,0,7,7,1,8,1,15,0,1,0,3,15,7,0,9,0,6,0,4,5,2,4
ENSG00000100038,3,1,6,0,2,3,0,0,0,0,0,1,7,0,0,0,0,3,0,0,0,0,0,0,3,0,0,13,0,2,2,0,0,0,0,0,0,0,4,0,0,0,2,1,0,0,1,1,2,0,0,0,0,0,0,2,0,1,0,0,0,0,1,0,0,5,1,5,0,0,0,0,6,0,0,0,0,0,0,3,6,0,0,2,3,0,1,0,0,0,6,0,0,0,4,0,5,7,0,0,0,0,1,2,5,8,2,2,0,0,0,0,0,3,0
ENSG00000099991,40,19,31,21,36,11,26,49,22,29,27,25,80,18,6,75,26,18,19,10,18,27,26,5,23,29,28,11,22,70,16,25,27,29,33,31,17,33,22,6,54,48,27,45,14,5,45,42,14,99,62,5,24,30,25,61,16,24,1,24,13,41,42,36,34,48,19,42,33,13,9,16,49,45,5,36,23,46,20,55,60,34,23,66,42,35,14,30,9,2,18,5,7,6,29,19,22,43,11,2,30,41,16,38,7,18,44,22,14,35,24,20,20,25,34
ENSG00000183579,10,1,16,12,18,16,31,31,19,24,6,14,38,4,4,38,5,11,26,2,33,41,28,2,11,21,13,0,12,41,26,7,20,10,28,26,10,18,10,17,11,3,18,33,2,22,19,26,3,0,11,4,0,14,23,29,13,11,28,5,4,53,12,9,14,21,13,30,3,2,6,11,7,10,0,0,16,31,10,30,36,20,5,30,33,7,10,6,0,0,4,3,2,21,18,15,6,16,16,24,21,16,15,10,32,11,4,29,3,19,2,28,6,18,12
ENSG00000100319,5,17,7,7,4,15,1,6,4,26,1,17,21,2,0,14,9,3,0,0,5,1,1,15,12,9,10,1,1,16,15,4,8,2,5,6,9,10,3,6,6,1,9,12,0,3,19,8,0,0,4,2,1,4,6,6,16,14,0,0,0,10,13,11,2,12,0,19,2,11,2,2,9,5,5,0,16,7,23,23,15,46,11,13,9,4,0,3,0,0,1,1,15,2,6,11,10,19,0,7,30,9,8,13,22,2,9,4,0,5,20,4,7,1,7
ENSG00000100354,53,17,44,52,55,31,52,96,48,59,61,80,122,43,13,134,30,32,27,21,75,128,28,23,72,58,37,21,10,135,71,39,81,41,60,60,47,39,69,5,85,16,81,81,25,20,70,103,90,15,38,57,8,59,79,46,29,26,17,24,29,101,78,46,43,64,65,144,87,48,19,23,95,65,24,40,47,30,51,154,66,101,44,136,86,78,67,78,8,31,43,52,49,33,50,46,50,99,104,66,71,64,99,90,99,62,81,97,50,20,82,43,29,45,27
ENSG00000100412,4,17,21,0,12,1,14,21,15,11,0,5,16,3,6,8,5,1,12,5,12,1,8,3,13,10,9,0,3,24,13,13,8,16,16,7,20,1,7,2,2,2,11,12,1,1,7,7,0,2,16,0,1,9,0,13,7,6,5,5,11,23,9,3,5,9,14,6,7,11,0,0,29,3,25,4,2,13,3,39,23,7,12,9,19,1,3,8,1,0,3,15,5,0,6,7,8,7,0,6,27,23,18,15,1,16,7,17,3,2,4,9,5,15,7
ENSG00000196419,11,3,18,2,5,6,14,15,0,3,7,22,29,14,0,23,0,8,0,9,16,19,9,8,19,2,11,11,7,22,6,2,10,4,18,14,4,11,1,0,8,8,3,7,0,18,21,15,4,0,6,9,2,8,15,7,4,3,0,3,7,17,13,34,39,5,9,28,15,4,21,2,6,39,2,2,16,9,11,30,21,4,13,9,13,24,7,6,0,1,1,0,0,0,2,16,9,25,0,48,9,3,3,12,13,0,3,14,15,10,12,6,13,2,4
ENSG00000054611,9,6,22,13,9,22,32,35,24,9,17,29,46,44,5,27,10,27,17,11,5,11,13,12,18,38,12,5,1,26,15,17,14,10,13,12,0,21,16,1,2,9,11,21,1,3,36,18,8,14,17,7,33,18,14,20,20,0,20,5,0,42,22,7,9,11,14,20,18,2,2,1,13,51,4,20,7,21,32,59,14,61,27,33,16,12,7,7,0,0,8,6,3,5,8,8,16,8,2,32,18,12,7,26,15,29,24,20,23,7,6,8,10,7,31
ENSG00000182858,1,2,0,11,5,3,5,4,12,18,0,10,13,7,0,13,11,11,2,6,1,11,8,1,7,6,8,1,14,21,1,9,7,9,10,11,20,5,4,2,4,9,15,11,14,14,17,7,1,0,6,0,29,7,8,2,6,9,0,14,14,2,5,10,4,23,13,7,3,0,1,0,5,12,1,0,4,4,12,22,11,4,0,9,21,0,5,5,0,0,0,0,10,2,10,9,11,19,15,0,15,2,2,9,10,2,11,10,7,2,4,5,8,4,6
ENSG00000142192,14,19,14,15,12,24,28,31,14,29,13,12,34,2,11,44,26,19,9,7,20,16,26,14,18,18,36,14,6,34,25,16,32,18,31,19,1,27,21,4,32,11,18,38,8,15,18,12,15,15,30,36,62,6,3,14,11,9,6,12,28,17,42,84,16,17,30,57,46,23,1,12,34,28,57,12,22,8,13,59,39,25,21,37,16,33,10,26,8,4,50,7,16,16,6,14,23,23,3,6,8,22,25,18,42,11,20,32,23,27,13,18,3,4,16
ENSG00000156273,18,24,28,11,20,10,29,19,36,3,55,44,52,38,21,44,6,9,23,16,15,27,5,17,10,9,15,9,8,58,37,22,24,9,33,9,5,23,5,2,12,8,18,39,21,5,45,16,13,33,21,1,0,23,25,18,21,10,1,5,5,5,9,34,32,32,6,65,14,11,0,23,6,28,6,36,28,22,28,55,25,34,20,33,51,43,23,13,1,0,11,13,20,4,26,24,34,30,41,13,5,30,13,19,16,13,2,29,13,24,18,39,9,21,24
ENSG00000159082,28,17,43,31,35,16,9,26,31,14,17,54,77,11,8,64,24,7,17,9,16,16,24,9,26,18,13,3,40,50,38,29,27,28,11,45,12,10,13,1,74,36,31,45,14,2,42,33,19,0,15,1,1,47,6,32,53,30,0,15,10,36,4,30,2,40,35,68,29,5,26,0,32,27,13,18,26,26,32,64,67,11,16,45,35,41,26,26,50,0,25,19,0,27,26,39,20,42,9,28,36,51,47,33,25,17,29,37,15,24,14,24,8,20,29
ENSG00000197381,14,16,31,23,23,20,18,27,22,19,18,26,76,12,14,51,22,9,4,19,20,39,6,13,21,18,39,37,27,52,26,39,48,28,24,32,39,22,52,2,67,35,26,32,3,49,12,28,12,8,15,11,1,30,26,35,6,9,16,28,9,22,19,15,38,16,46,48,5,12,43,8,35,55,4,11,13,18,23,85,52,42,37,53,37,24,29,23,7,1,7,19,6,12,5,19,12,19,4,17,43,36,49,40,28,37,31,17,21,4,69,40,10,6,22
